"PIDN","Ca","P","pH","SOC","Sand"
"09gt9UK5",-0.59104209940352,-0.204915973198347,-1.37097830959141,-0.751782686216969,1.42958755032481
"0BVvxJ6a",0.356242525413104,0.183873700105628,0.732648396056242,0.355823781295393,-1.48616951866958
"0KbdgApg",-0.0735941545866175,-0.0760553961315332,-0.19667556561278,0.106269406481197,-0.81130556066435
"0MnuuduB",-0.390517912750138,-0.105532418878087,-0.134463407042706,0.615284907914534,-0.657420544206607
"0PcIsF9z",-0.478169660479074,-0.309677377644606,-1.34601129307933,0.113502101147424,-0.386685282795217
"0ShTFLYJ",-0.470452523387088,-0.582365578831529,-1.07819531456636,-0.690952927564296,0.00271072730556148
"0XZh9jka",-0.815808919493592,-0.863048916679876,-1.17988389191093,0.65452420429701,-1.06483613116247
"0Y7Wegri",-0.220912299116355,0.394204912073137,0.253132758913322,-0.234117380574007,0.413861049958477
"0dTqplIM",0.0284442827191283,-0.256317776018229,0.929782546428569,-0.409542904961006,-0.842288917578131
"0lNiZicC",-0.36963543912362,-0.282578558122602,-1.13575185139596,-0.471068279714446,-0.0815633624274423
"0rGeJ0QN",-0.27439752280691,0.0588997225219339,-0.395060487429822,0.0835340028406675,-0.323487815540204
"0sXI9ytQ",-0.34987417964504,-0.176353371348328,-0.477751842955016,-0.749262555503499,1.62305349256784
"0ukt4aP6",0.455375285546045,0.104141422304487,1.21054080091259,-0.581658844462321,-0.0939809364691872
"1AGspb8f",-0.33783593660552,-0.51815406458793,-0.944977624374695,0.244094904205393,-1.55933904529796
"1Csy0gvE",-0.41276755470337,-0.116634830083736,-0.0311005486293104,-0.602669220606555,0.767039289295289
"1Ic2hly1",-0.386472988436984,0.341589665864247,-0.463168373542139,-0.148283689448133,0.198243049221536
"1PPbaTwt",-0.312797367396562,-0.0939708424606892,-0.542287590176507,-0.588655032770303,0.872436350582009
"1SO5VJNy",-0.320993429564695,-0.0118660691259332,0.211943901627407,-0.46329963381224,0.684904067345199
"1arHxK3Y",0.98423439332569,0.801474870599521,1.65244383883767,0.198015598036212,-0.409134381058783
"1fCW4Bba",-0.291361102993551,-0.487064608056364,-0.160843389579539,-0.553748368578144,0.742947336755485
"1qDZNvIm",-0.40328688460325,-0.40744352814716,-0.485225236648857,-0.806607311011921,1.25346911625697
"28LYJC2V",-0.375092053835432,-0.320579838142444,-1.11705421524294,0.578549450558507,-0.752536292306615
"2CzACvQq",0.503690989511849,1.03648617331686,1.84820285708097,-0.258488567420205,-0.509512686115477
"2FT3crfv",-0.438803656235311,-0.475236253705575,0.190522276287446,-0.544218965378656,-0.562615569595964
"2Fy2uHVg",-0.583500023657286,-0.128774914847912,-0.308242165832767,-0.47405801588576,-0.42007659141544
"2MkMEApm",-0.472860946216917,-0.13135600985064,-0.127021959037236,-0.438258958141859,1.02030371120124
"2NDGWEOe",0.612083983208476,0.779482820374227,1.90069886882081,-0.720492065538007,-0.740711890407442
"2NyyCiqn",-0.279629865399031,-0.0328145467068547,-0.141673463665579,-0.427403319191898,0.606624529326932
"2QRzIb84",0.312457186076333,0.853150583058753,2.24917569084674,-0.412311364071039,0.313681966161708
"2QcbdrUZ",-0.322641107029643,-0.0898551874335007,0.317990891435485,-0.551482119381631,0.671568330564056
"2YgAimWK",-0.373255235408628,-0.0314337158838278,0.171392429119511,-0.580886144000891,1.08669001231275
"2cx85d9H",0.114433987348576,-0.210143946676833,0.157681828390637,0.253734425418535,-1.00404904200625
"2homMXMV",-0.420320428917568,0.0772660858930635,-1.1294318950427,-0.170200161093891,0.162840332724283
"2ldLrUtq",-0.422693456787422,-0.337117491056083,0.276415729060208,-0.214863896879704,-0.131102769973031
"2nsACW6G",-0.0974141171063206,-0.446396400553139,-0.243057268535468,0.626627370176802,-0.795092628011605
"2yMbVnWc",-0.365882538315262,0.595661166235253,-1.35014871677936,1.36718419252978,0.945184963878746
"36r8sgGQ",-0.389974498761745,-0.349693120820262,-0.17089358428442,-0.615504044055297,0.615559064710917
"3NXAXCl3",-0.423688668169584,-0.503800379346834,-1.05227271877571,0.453550285553106,-0.998955238478189
"3QG0z6fl",-0.433267459600424,-0.194854708203021,-1.2657104994228,-0.408109433883245,0.865590080395565
"3WS8R9qm",-0.250118859763921,-0.441110876209761,-0.445778160334047,2.32753589176543,-0.684992350566238
"3fRLm8f5",-0.364244989986881,-0.180879743716276,-0.367711159907076,-0.191638253972899,0.159947002807975
"3mZhp1nQ",-0.640314126783032,-0.508059798142291,-0.0810004467458086,-0.738933358663015,0.939350184449525
"3pikJXRL",-0.318922241101598,-0.372495130782292,-0.991600336905098,0.414183076363363,-0.619287048868531
"3pxOEGHL",-0.371928132665233,-0.288861520752537,-0.589624814543932,-0.689997361751568,0.643799230978882
"3ttdV3f5",0.0951519879870609,-0.627175674485386,-0.472076547309218,-0.415810529398938,-0.0287165645261456
"3v4X6Mfe",0.678920460644163,0.179274219341151,1.86053173388484,-0.4982640896908,0.0887803003489846
"3wORuPiv",-0.585498585401663,-0.190764407131825,-0.244747603491666,-0.470248736148575,-0.842803828682187
"43EfrxZj",0.00149662570653829,0.268750462680091,-0.10330643100601,0.10502099754808,-0.576433964770721
"457Vwm21",-0.178948516527645,0.203361679902526,0.268824473407818,0.410081807500354,-0.369301135185417
"46KNnOdx",-0.499858766220152,-0.0464788258071522,-1.0230087337014,-0.13423592977801,-0.178459335649573
"47TwNsVC",-0.414801654832559,-0.63976634153245,-0.956729839324113,1.20275226100016,-0.62911649313689
"49856RpO",-0.386526919426149,-0.591566460476201,-0.588996680008247,-0.39678367569234,-0.699100039834651
"4Ane1o2N",-0.421844299236481,-0.760936024017677,0.00134726574272167,-0.392091879608488,-0.0805096762405108
"4AyVUgSc",-0.355825150690137,-0.225266222179921,-1.08777199357603,-0.727145289978165,-0.256409975558978
"4B1951On",-0.114586272858695,-0.166816747935604,0.042397663436251,-0.173864269004331,0.347870071513874
"4OL39Teo",-0.0203576436754665,0.431169193078723,-0.0593859253040546,0.197958410426479,-0.31524841775449
"4eQ90eLY",-0.0549030803668993,0.270250315265586,0.120294055158002,0.297061978382097,-0.224347607526283
"4o5jwMj8",-0.286905047490235,-0.234778586941237,-0.54999719032692,-0.678238590766247,0.268959978061702
"4vPgpl2c",-0.5331373676841,-0.401771490946642,-0.136943513074169,-0.661806850487693,0.501672470473156
"51r9aA0d",-0.3051019812943,-0.405032321238429,-0.416330682527957,-1.11450462661596,-0.251244360345235
"58SmeRoP",-0.024136764240409,0.0454334230731803,0.45376921156521,-0.0412973552059333,-0.207550263622648
"5HJp1AXn",-0.25037008742496,-0.402351100583947,-0.712026394756067,0.638855651467057,-0.363042769428789
"5MBZW7fx",-0.155681512652602,0.309689273374721,0.997454865579649,-0.69140292165366,-0.205625643893663
"5Nq3gHaP",0.207242541718379,1.08397621479549,0.0497971521661644,0.647602192293237,-0.196414539298109
"5RmwFFK3",0.526148990284697,0.469335506453642,-0.0662905713236621,0.0321630331313467,-1.45859623624072
"5Tu5Jbov",-0.60077684825978,0.209977983389827,0.0488372767566511,-0.241703691104661,-0.387218662971602
"5YEolkev",-0.301991684157168,-0.408745443867774,0.219379443030434,-0.417658302043694,-0.448556788126013
"5a8sf6QV",-0.0182633289136526,-0.140804678746036,0.336739182935528,0.135290699000872,-0.682785308632156
"5eSvmqYm",-0.394303568172564,-0.292655298793978,0.772067747739295,-0.712727802599715,-0.137394461001848
"5hkN8fiv",-0.436663477792499,-0.213507285176102,-1.48677461349504,0.942397790470377,-0.766291859530669
"5oK8Gti5",-0.572455953248244,-0.0179617450077596,-0.642717669868965,-0.646751862764499,1.5813825635906
"5paniGaU",-0.380107606735737,-0.0339044588446111,-1.04125547830609,-0.773160140472705,1.16398721870247
"5vsr7ZUP",0.697034700429103,0.133612163145318,1.16467883338714,-0.193964848798437,-1.18595146002437
"60B4xMWI",-0.25822101488502,0.359647744927725,0.925269208387633,-0.685764625317487,0.787499684370751
"64jOUtKy",0.255938143959578,0.26328579044417,0.00507973499436465,1.86617171319276,-0.854699029590149
"6AJo4xNG",-0.453451200261147,0.119189323197383,-0.495031532424153,-0.078922042495939,0.191585260969992
"6CAvhEte",-0.394010167944728,-0.127862835820612,-0.560159638625166,-0.406908375933305,0.789041224931903
"6CuGYjT5",3.03288909828052,-0.336328873604483,1.42501867318376,0.806661838204441,-1.45186117986894
"6DGH8ujZ",-0.466819178879155,-0.227614767364944,-1.39743283207051,0.179113296739881,-0.580254973004959
"6PzsGdVm",-0.371336993688382,-0.257373306117504,-0.881346320364539,0.345038817248552,-0.481769991125425
"6UcSJMbq",-0.450715334878172,0.198671312386266,1.14111613386221,-1.15861390147847,0.567896128624821
"6WJbkH8U",1.27583211643575,-0.588509737313551,1.9938817984211,-0.242779004737487,-1.26041027197004
"6eUWsVzw",0.369973651781524,-0.244438418707594,0.926957760896265,-0.124958423464652,-0.684005857465506
"6gNyO7Do",0.11397883128451,-0.00468482884232508,0.013090234218727,0.417027134199277,-1.07788582401915
"6jT0AyHe",0.0951484163022969,-0.0692323023828315,0.835164996335311,-0.000452852987343405,-1.2135079998257
"6nBgCvWu",-0.416239631594747,-0.150690147216336,-0.585226216597027,-0.559943788633004,1.15151893209262
"6ro5mqg6",-0.189610486570059,-0.451532555561186,0.147287548840999,-0.474304694972182,0.755460015666132
"6sGqObX4",-0.667778379368507,-0.176922802754681,-0.260727444309695,-0.462066847739486,-0.713414225776128
"6uEGy0n4",2.20240012982129,-0.220155757511354,2.11568051054539,-0.352937292620515,-1.02337189717765
"7BZ4LxP8",-0.119543516815744,-0.532363093994374,0.422328410849085,-0.588267976325452,-0.509899311483265
"7CmigXKi",-0.344285718970889,-0.218210947872836,-0.991741951406254,-0.551843244826333,0.54552907788211
"7Ga0LpfR",1.09660555485453,1.63353044332745,-0.134529239811212,2.93957763359122,-0.800388488929435
"7PQsFvsG",-0.422182074232568,-0.15699051119552,-1.94325550652262,1.1330854933727,-0.616239968870227
"7aF7nnwn",-0.409442622823949,-0.618959715620528,-1.26034543894352,-0.791319507279321,0.936714087715007
"7asGzfX9",-0.327844434339858,-0.457279798002455,-0.315569668763376,-0.668895292461774,-0.183194255079217
"7cg7C92o",-0.119704113433164,0.505401725257467,0.182227052458138,0.419013547527245,0.34673005720519
"7eOxTpsB",-0.215208543126105,0.232439614337928,0.284663227864258,-0.517178616018178,0.886431875555682
"7ey0v7ma",-0.467708691105143,-0.662084739825442,-0.732240176088545,0.242358458226326,-1.10308206342434
"7gocyrYl",-0.231912030292159,-0.151850487637714,-0.364427245381578,0.560365199474539,-0.366854039801942
"7gqR3GoA",-0.294885410257527,-0.744525955631974,-0.36621993851917,-0.323901129405546,-0.647784192884173
"7og7aUXB",-0.239801394008636,-0.260706371778929,0.760592807288479,-0.433538037809377,-0.165554094715603
"7onRfa8F",-0.0538646435635102,0.300482129460813,0.514504014862105,-0.385444641218836,0.930168098881517
"7umkNuxM",-0.0854595073346365,-0.269943726656936,0.0644985124154416,0.505097899072568,-0.733554501304604
"7vPr9ExD",0.214501925240996,-0.239040279721346,0.137469178957969,0.148983573411173,-0.897227141981321
"7zNjpCzu",-0.513980756020077,-0.301491220028216,-0.153727819831995,-0.115902975160899,-0.793496313260059
"7ztsQNj3",-0.579220460020459,-0.141719277560222,-0.329786772635679,-0.1385767377393,-0.502633491427187
"86gppwMI",-0.396988616425126,-0.0524125872055943,-0.867366212694996,-0.390793697862303,0.945224347183548
"88thAGdL",-0.136591369989576,-0.262891137400725,-0.691237754786042,-0.228706890122493,-0.171597348786848
"8GhU8STP",1.33460769063837,0.444933200293418,1.64239678247362,0.314100146209124,-1.10076970198069
"8NlzDcWe",-0.216921168980491,-0.273108583540291,-1.47575618394617,-0.731773668070103,-0.0683864429504177
"8QAejdLW",-0.0569306777770399,-0.0611896889763724,-0.319731468925457,0.142714538394139,-0.992452120684758
"8RDeFxWM",-0.344059926603922,-0.268014142579377,-0.0594605582485064,-0.68877300209386,0.936055636352538
"8UXP2NBS",-0.532886599540676,-0.342738692673108,-0.625309660634138,-0.432519933466539,0.313131982343249
"8ZoV3KGT",-0.294616044501507,-0.128467534532293,0.0837723244059333,-0.488086984684538,-0.188215198045169
"8ajs2uG8",-0.447746355297991,-0.238945481008948,-0.630121614501232,-0.407884605622511,-0.635113556032254
"8bXnz62p",-0.31694122300831,0.0789975700032776,0.0226587454725728,-0.0476351338727716,0.772035727043249
"8nO1O1LG",2.11671351018949,1.01270929964693,1.48242599045719,1.52561550696857,-0.764929612018457
"8xE1p8g8",-0.38314228946931,0.0844640474310872,-0.385242662183957,-0.318177602803663,-0.366534218768294
"8yMDVMRM",-0.426496113263092,-0.570789148844749,-1.10263653781088,-0.408581651126192,-0.545135888888638
"98R5VaPi",0.312887011244665,0.501438703310795,2.27388787806865,-0.796015343371785,1.13938082041768
"9DcTz2Ua",2.83121845320187,-0.167222501064159,2.11370895220216,0.847187661307576,-1.05494062534384
"9G7nfUrK",-0.25685595312013,-1.14039134630859,-0.215414767348566,-0.912343759903679,1.13689241788099
"9O6GZ1HT",-0.20578472718093,0.439711171897849,1.26561911518088,-0.589978218046275,-0.314137795420523
"9S7fCoAM",-0.291223228929674,-0.27283440493633,-0.138227468622604,-0.46920567736484,0.746874306220968
"9iQwmFJR",-0.390912979372242,-0.0862485155811066,-0.312870521487037,-0.550629044713908,0.545991066180314
"A3Mt6SAQ",1.03545130646065,0.414511091645937,2.45052770878873,-0.937902734618689,0.513968700169946
"AJIsQIcV",-0.368518255662728,-0.108516805775004,-0.816069557263172,-0.349370307894758,0.763493471829517
"AMHKXMh8",1.97876234065947,0.522756006287605,1.77351864649262,-0.340938108624356,-1.09545550520814
"ASwA2J4E",-0.276886999695619,-0.051478978880231,0.191927007409818,-0.444632484032679,0.506753182777006
"AaFvEoHq",-0.170367235521017,0.281906451860359,0.121038667008992,-0.763761300855936,1.28333999472912
"AiIPD6hX",-0.11159575032859,0.115828756672486,-0.325600533965726,0.212890726100138,-0.385947546445616
"AsIURvJS",-0.39912810174939,-0.237735628960454,-0.456379494762239,0.931055488827012,-0.436859318496872
"AsvgbJ0C",-0.266554069768999,0.132483440055669,-0.630440356703554,0.687322903994197,-0.377839257128036
"AxEhbkCM",-0.196480701339039,0.00642394110279438,-0.354425123483105,-0.427111154736361,-0.40364165092185
"B7VPkIpx",-0.692144806915657,0.0837115445770972,0.445095483438073,-0.944961849790447,0.638469994083125
"BBwHqHiH",-0.0517874565669903,-0.228491223408991,0.00835494384612531,-0.0962533086815361,-0.613237342116311
"BMyps8hr",-0.24556329380873,-0.372340197474915,-0.439352485486612,-0.375948761590569,-0.571593107685678
"BUHS4dQw",0.235142810390328,0.0352768556374986,0.222405254607034,3.06445928542055,-0.950806572074195
"BZB3EYWQ",-0.292461434263955,-0.128782069646523,-0.0356946491865429,-0.407788704319947,0.741802165833874
"C5UPCZcL",4.49164617619843,-0.398311836281229,2.02968248044905,0.97501175362403,-1.17179904919917
"C5gIfQbJ",-0.336774421765751,-0.312238156414526,-0.500533839010115,0.763538353563547,-0.95498488169412
"CDRuu4Pn",-0.370479191844935,-0.523919856053434,-0.288121415924474,-0.742228603988344,0.759079489595038
"CQhTYkqE",0.564030653603777,0.207768093605527,0.408152403227459,0.568929679696522,-1.6621561425655
"CSEobMXv",-0.332965233791385,0.0929159369011795,-0.280995078085282,0.507767512874699,-0.610152030792459
"CYMQE4x0",0.0943093254302151,0.601591961740736,0.920148264373505,-0.349940448674815,0.629648832354879
"ChQdtl4J",-0.564313597380893,-0.49249789069399,0.381511193975338,-0.661697957406625,0.604234196558055
"ChnD1nrN",-0.286210399060239,-0.356136618537207,-1.00777037430991,-0.693815578242069,-0.421216147093118
"CvtbbIcq",0.811397087534679,0.535393017396681,1.74749004926207,-0.207128979813487,-0.174231885987922
"Cxk06b77",-0.188204562650102,0.330580265415089,0.463048074986755,-0.288341361350126,0.272740141757256
"D3QD3ZEJ",-0.142099977517555,-0.552630186756568,0.328455710590144,0.21264636508233,-0.0768964430614605
"D8J5C6lA",0.733569719813873,0.84438272601132,1.00884284821579,-0.171717999338533,-1.14748018216179
"DCeQwYfT",-0.141778064120109,-0.116552387682302,-0.0691976378201091,0.116622691722162,-1.00971950230102
"DDEftkx3",-0.424334615836089,-0.150846959765387,-0.948765591586484,-0.658025594697022,0.901239476332964
"DEwCfeDW",-0.511730082712584,0.133307040695569,-0.399489084531913,-0.263407069635078,0.844552961639779
"DMkIV4oL",-0.432654489640465,-0.454370929130576,-0.688893459096452,-0.642688022747775,0.401266005455743
"DnzGfbxS",-0.179516514452787,-0.126334543810568,0.134113263673864,-0.00875732137700269,-0.802429916145255
"DoZxo6f6",-0.412188762442514,-0.252309235860744,0.110852537797244,-0.668304322324873,0.834999725629937
"DvhBPGIk",-0.388184503227124,-0.456124048587807,-0.315136476214525,-0.212303398639316,-0.37451622036462
"Dx7GoUcT",-0.448577874979633,-0.222749081904734,-0.655500497157386,-0.666945483620098,1.29109455578067
"E5hIjohO",0.509212910802,-0.6156161067006,0.247372567694629,1.11245834979895,-1.58558793307406
"E6x4XGHt",-0.561720401370919,-0.0687950888447184,-0.571771540559815,-0.545205079668915,1.32608353509471
"EDEpAzh1",-0.345474110586318,-0.340639134030291,-0.359531131500783,-0.364895447662983,-0.760619244546576
"ETGudkQt",-0.328464862496159,-0.171094666168514,0.223631014368202,-0.629859454255122,0.859817178704652
"EUleKrLJ",2.15773036460135,-0.0241852261747395,1.85200768617318,0.72564840443094,-0.810697142795458
"Ehw2Jz6s",-0.412296348898247,0.0324930788795393,-0.530091616638762,-0.488156369431806,0.0612440502614889
"EjqzC4zH",-0.649909364125879,-0.162808512689926,-0.196316718955186,-0.70136816558214,0.61270709243582
"EkMZO3Qj",-0.615112937924933,-0.404340953217878,-0.105835924134329,-0.619842428283374,0.626537835628211
"EnoNXWvU",-0.464369026531362,0.180814834139372,1.26321079069812,-1.22813076299744,0.372867172815627
"Epv8ANwr",-0.222742842677352,-0.228296198663266,0.0242627617747706,0.575042362181788,-0.525185836642297
"Etro9j0B",-0.00126693930936954,0.667512821432046,0.14749340974504,-0.055074040610327,0.158063874465827
"F3MIZj76",-0.233659029263468,-0.44940749971705,-0.258302976204084,-0.093272344347159,-1.05814816757474
"FB8tU00K",-0.37120468204587,-0.272578790131922,-1.24987249368767,0.48977357440881,-0.65990839145456
"FLhxBGMK",0.269783457540533,-0.149679370395155,-0.20970830799935,0.598711034176706,-0.623498261024323
"FRreR8ka",-0.585748763217039,-0.206951185398079,0.104622426510611,-0.530485069728114,0.453944264260877
"FXne4oAV",0.514615039949835,0.481248551141905,1.2533924479002,-0.506460045691754,-0.559361905510909
"FaW764jk",-0.264823488701903,0.279719570388981,0.464374007103572,-0.479228233963823,0.524008730688608
"FeAbMXly",-0.463858064539484,-0.25039101815171,-1.12907389992103,-0.667957812427661,0.689635164566563
"FeudaFXn",2.07955251915873,-0.342529437063737,2.07953036833122,-0.472644314629771,-1.28405815628144
"FldUmFeM",1.16751973209532,-0.385560521404869,2.06852983924389,-0.964991223061752,0.423996063901234
"Fnv5tfAm",-0.755145326567552,0.067070611258654,-0.30250200791525,-0.231327990800241,-0.592740529761567
"FvrAd3Or",-0.406318654831949,-0.192734769762817,0.763870570669386,-0.728213335063473,1.08638821828751
"G48zHffi",0.0643157847745909,0.401276509494909,2.09909539181482,-0.53052079818024,1.07002213018339
"G76zCv5N",-0.414445684946149,-0.428418405001536,0.265680305947715,-0.400445355923994,0.172561782736506
"G7JGUdNf",0.234981307802428,-0.470024727186776,0.162528745462334,0.147157117200631,-0.578287276222903
"GCo6MONx",0.934887369221669,-0.121492427349332,1.58792876916601,0.596711338531272,-1.15373591034805
"GE0vbpVQ",-0.359843257822566,-0.0281529781283385,-0.00611361878301965,-0.475548803998429,0.903604843657149
"GN0DfOqt",-0.242494781725986,-1.11419940325309,-0.275669166016974,-0.7448229233051,0.792348485557885
"GNsTAb1v",-0.520730688980935,0.210477188182288,-0.0974430058775426,-0.171944366906838,-0.642257815224792
"GPwmO21z",-0.315146484683716,-0.336525150459358,-0.188927446975634,0.232066920197169,-0.683274030092321
"GQYpfLoh",0.549559604100804,0.351411606066975,-0.338807839772429,0.379798995940004,-1.20690260980737
"GR9knT8n",-0.477321523886637,-0.234106277923279,-1.83543318274466,0.864111379326414,-0.666665829201764
"GXtFFbZy",0.0813742727369126,0.0558767263663696,0.842311440437696,-0.0525136303157829,0.0512860376409619
"GYvzvvFD",-0.551563401138374,-0.156186783647671,-1.15427733352569,-0.371760204458618,0.429828700958507
"GemPjTJ9",-0.357995726549073,-0.183641392688901,-1.5582849301526,0.30934175319823,-0.552867330819254
"GkLYRm1K",2.29177077622385,-0.291746334397313,2.12059239729763,-0.221688618621834,-1.60493526110776
"GmlqP8eI",-0.0101370967784607,-0.432070100779523,-0.884827203978815,-0.475862154364487,-0.608418615648198
"GqkIrOvf",-0.36381040034836,-0.0937269586618591,-0.973366344062198,0.86308497689199,-0.718811246839051
"H0fsegPi",-0.570663104553132,0.0358623665046171,0.592663595859115,-0.651367315357935,0.752241521835935
"H4dHpJjU",2.31774820788438,0.02532360975585,1.70094303816136,0.763119551645995,-0.888421413013273
"H5QwJCuU",1.97420722347944,1.82416765721744,2.1807210330963,0.00951766932954362,-0.674746472155875
"H5uwmSZ0",-0.431915538223734,-0.478310670100754,-0.858140037816568,-0.577254291124193,0.630496942526396
"H8MtbVoL",0.241202553303787,-0.368242748167628,-0.591719931279548,-0.166365297422397,-0.513680084505638
"H9JrUYnp",-0.521936021233157,-0.0740127498413148,0.107246154826989,-0.33108153412725,0.449642037877395
"HHYmmHVk",-0.38273399297619,-0.201198399947786,-0.503473461686224,-0.82243509099945,1.2385316304408
"HJ5U4uqL",-0.494063850389616,-0.254808111839616,-1.15202017077773,-0.54141995373647,-0.276224518973118
"HNQxYc4w",-0.204500175710238,-0.242372724974856,-0.201437538484113,-0.488159250521532,-0.225476226780558
"HQYhKHZ8",-0.421443897845948,-0.235213921569223,-0.418064761663633,-0.32056594307588,-0.306523167727451
"HSCMx0MC",-0.381557523819184,-0.171865483555925,-0.0260118385486043,-0.669178281022637,0.95392258576463
"HXYuE0fx",2.72937751995908,-0.308893759131537,1.77654490926185,0.271123480347367,-1.06107752342142
"HdKcxEWr",0.174777631504406,0.601856552480397,0.618687858952371,0.254771762692133,0.150906363720739
"HecW1iCC",-0.579152583357134,-0.119650799242446,-0.167646232500659,-0.380291811571143,-0.542797898381648
"HpbKB8rv",-0.323045656405221,-0.503452734102046,-1.55586005050567,0.988897807516538,-0.667837865336821
"HrkoYjCg",-0.0134433241090909,0.228040773954672,0.0634659105917663,0.813206571647315,-1.2049517783689
"I5P2uquT",-0.288441702652332,-0.124137169944423,-0.225285634416586,-0.267424889330542,0.593930232834815
"I94qkDM7",-0.49737477360238,0.332996449185122,-1.3228925028032,-0.479867918356375,0.510204081507033
"I9sQbtt8",-0.317067553586686,-0.115442361663996,-1.46004499976638,2.09214163450333,-0.91563312539566
"IFxgw6ZX",-0.533883504038071,-0.230917908095635,-0.315517211835248,-0.361069617551101,-0.321025668834528
"IPPPSyoU",-0.545723897961577,-0.0725931841515986,-1.12523266645821,-0.301218808349386,-1.0631022695664
"IQOYQubU",1.8461810344427,-0.113141956681903,1.64914392448499,0.118547742011584,-0.816050360339818
"IYNE2SxU",-0.647700793576088,-0.0528882586809139,-0.188362895163683,0.0374163330104797,-0.0958638966264417
"IZRFk9kN",-0.154120963389834,-0.252856848099767,0.229769884839884,-0.428300769830293,-0.24615788261102
"Iaq3v0t3",1.24016006954276,0.597465691378959,2.35113845471445,-0.961545748741657,0.219174120011217
"IbVwu1t6",-0.507576942463269,-0.234423636045721,-1.45982996366723,-0.182509590296122,-0.594463985129433
"IcHKTLyo",0.323781204823365,-0.202296020884121,-0.0846872009517886,0.0929837635053871,-0.964460082778358
"IpW80wVB",-0.291534766292669,-0.216869385495092,-0.524302318868438,-0.226361488335376,-0.462061090131858
"Itb0PYUV",2.07676225836121,0.0674410857708776,1.70548785952924,1.09282948650477,-0.763040367350297
"J8fpSwS0",-0.194343746614497,0.338899862839797,0.585037509652675,-0.648273341558327,1.24177238808642
"JE1SlbD0",0.815410774961331,1.16768880641306,0.881166893201734,1.99327636049294,-1.19179528008361
"JEB4McNb",1.22943055254344,-0.44915031516771,1.83946665490579,-0.11211980030658,-1.3525671655156
"JEE4QVeQ",-0.332565838957623,0.196969920321701,0.221102030682011,-0.341290116356414,-0.526115175846336
"JJSEU2VQ",-0.391546892246166,-0.122263107500113,-0.938259908913144,-0.603525047770976,0.8255066637531
"JSsVriP2",-0.405822909445908,-0.296548880683715,1.35863483324069,-0.727576547525155,0.479425917280536
"JUvQNiOK",0.00345054957572899,0.280521633336902,0.196857143311903,-0.205306189237596,0.158016625619783
"JZbrRtm2",0.0190501830927125,0.191420530385774,1.8228314356371,-0.676791443652471,0.137508126700314
"JcE9G92B",-0.11250867046356,0.300045891277574,-0.0981500609420431,0.296271019692024,-0.579127193820548
"JnNYpXHr",0.212509307647352,1.31302307041961,0.0615538857995195,1.68308000620098,-0.831150387874554
"JzpbnOtz",-0.303035647086992,0.727920146410843,-0.555695906006864,-0.587290420026764,1.25406288924145
"JzzUhPQp",2.27795629791317,0.250909962441604,2.31161044747114,-0.0558270446676108,-1.77690877500344
"K05R8dQK",-0.128350523845505,-0.277302537848647,-0.846926089883079,0.348152398333212,-1.07223495647769
"K17pG2mG",-0.360057025207085,-0.100903670071629,0.972545300672951,-0.854139140824403,1.04454184573218
"K8BellUe",-0.230328390796967,-0.786712229981887,0.33703176402352,-0.242824477197652,-1.12308931277985
"KJ2eH6rr",-0.108135840941744,-0.225564564407451,0.652161388586165,-0.433098245982903,-0.311042273919893
"KJEJ6Glk",0.66907903776978,0.955053691269336,0.734479600125397,1.34944024927229,-1.22217342495929
"KSbO0oXS",0.307539181095008,0.688856049838107,0.0931436246957726,2.50571969382118,-1.17915325819233
"KXtvmd01",-0.342760181077956,-0.494923877861502,-0.16233532568857,-0.526559889489875,0.274724180151153
"KYiJqBuJ",0.0746037216378757,-0.339591665511483,0.705875666464618,-0.62263660183593,-0.316048199712584
"KmbAyTcE",-0.288034608652008,-0.505138343189305,0.191340542101212,-0.935161872732964,-0.0486814992530894
"KnNyl3rV",-0.0115683173412792,0.0672631629127221,1.14339824187816,-0.405179458822056,1.05874985140304
"Kp2DG8TZ",-0.487052126982461,0.237816854284128,0.355713038749846,-0.675372651433031,0.979723228755314
"KqQtKWs5",-0.43244787448585,-0.43998255138498,-1.22321897263693,-0.613524351950264,0.224562818259544
"Ku27g63R",2.45831072898132,-0.15799937800537,1.91371355733451,-0.522214526127231,-1.05750277774161
"L2aTVqDq",-0.452628261478956,-0.321457925032101,-1.48264964227936,0.961850129998396,-0.684984154236541
"L5jvq6G4",-0.354336423005011,-0.323628263106681,-1.18157955967966,-0.687951738119241,0.674615711944492
"L91hYVQl",-0.301325966072514,-0.111639255146772,-1.12657271512875,-0.875836677476877,-0.204962721748015
"LINAMlbA",-0.463290572662491,0.20644919769201,-1.08231478591962,-0.0762045387219738,0.634068882401266
"LJoUNXSx",-0.479535665497793,-0.0537895825418298,-1.69377810259186,0.146670478543657,-0.428545692506831
"LLtSiyWD",-0.403474888240435,-0.612086794481513,-0.061333635501897,-0.560781095500977,-0.111603193631189
"LQJtV8kn",0.228109651202725,-0.211709895308867,0.110704899930648,0.0101293700616093,-1.06825921499818
"LW9uddw7",-0.350860192894394,-0.481005405042165,-0.806934977269518,1.09445899171393,-1.25653472590258
"LZ6sdBTR",0.892122230228699,0.766747547602484,1.06202599322827,0.143501713575206,-0.65552862118477
"La2Vhnne",0.285414996609923,-0.0840200724402385,-0.0127624531126638,1.38093148247984,-0.530102758667464
"LaUWSq9B",-0.206380408602769,-0.471350825568607,0.320014805827763,-0.188746569200973,-0.88149137401604
"Lk4SfkPQ",-0.820358444769825,-0.0976720863023946,-0.526328244860779,-0.742854335673921,-0.715175827302169
"LllC836d",-0.253302250718766,-0.591707234002783,-0.582516486539365,0.284589427329894,-0.143221463315484
"LuGiGeWN",-0.450689231725925,0.100201702744623,-1.21873064027017,-0.539456895344882,0.841391210033532
"LzcyHcWa",-0.396973680105502,-0.0988661773004298,-0.692598487208443,-0.55926518955657,0.682381590181884
"M7veP0H4",-0.538642138847374,-0.14731011951598,-0.65353882907004,-0.406827544973965,0.842359571474362
"MB8aaJUc",-0.36108577361262,-0.241958659914757,-2.11400230858198,0.70853525441705,0.194151812560459
"MDpe2zuy",-0.339654856419491,-0.431991592093842,-0.732613270855431,-0.286873477574432,-0.737763661704471
"MEzdmEIU",-0.244410215073525,-0.329710644522401,0.0751478674692271,-0.437005019882731,-0.191727163706404
"MVnhtivm",-0.354077956531701,-0.493184542397912,-0.313003488248902,-0.192161116518938,-0.315183560960056
"MYU7WDis",-0.411182096942248,0.111055639107316,0.390561896749593,-0.648340476758467,0.711968049887843
"MZFqh6yw",1.37127396658712,0.383899339942021,2.52063612173672,-0.402019950970001,0.131929623379761
"Mdgy4SsO",0.741813199251553,0.527073635313701,-0.690093650335447,2.1040252485462,-1.25453771056129
"Mj8awnzy",-0.321773810045301,-0.0281518571867775,0.0232229609771268,-0.631713157120813,1.47602634056143
"MpFPbUJy",2.58839117810056,0.689693362997286,1.29054752945827,1.00135486604128,-0.918599688732162
"Mqk7MFBM",-0.45365769372204,-0.587284376528254,0.0632460195330472,-0.579449938611299,0.647246107333578
"Mqs2t1Eo",-0.435889688645514,-0.170557871021567,-0.383580847690894,-0.171032707213614,-0.549248341636634
"Mv3jFVxp",-0.27943002984947,-0.0981789929345213,0.426531196998352,-0.0755081930515732,0.093126988675959
"MxODTXvA",0.293574304242242,-0.12813471581528,-0.328187791191154,0.688402862384314,-0.788817887259413
"N46PbpPM",-0.360876505579462,-0.200219008079006,0.272125861782337,-0.646341525835002,1.49960583377132
"N5S5F9Gk",-0.53889917503854,0.222662642419681,-1.41963537597497,-0.297077218585016,1.09333883217122
"NLDg5fqw",0.537499227801964,0.0673835953730907,0.807318855847421,-0.0914939846144461,0.381517783004036
"NOho2ZiM",2.44009707136489,-0.45702614616999,2.04252649804497,0.237571540804714,-1.13348999384198
"NUuY7PFU",2.32391439684619,0.478189412643921,1.74366264831156,1.19797542407539,-1.25873987598842
"NV1e8AEO",-0.34908684251713,-0.0981484402198603,-0.0500486125045703,-0.554474861841275,1.19169437479139
"NZLXROKC",0.0386349074319644,0.18981576725968,-0.142933316547113,0.720784457893759,-1.03100735287761
"NaJo7C6o",0.256265548665883,0.295651855165025,1.32922861260081,0.212056238916666,0.180528638789776
"NgsyGkrO",0.334031240749899,-0.0648475598893104,1.19081503560386,0.450594067789824,-1.36642019164443
"NjOx4Zpo",-0.370636587578861,-0.070024863470834,-0.998766175091858,1.12268779149838,-1.34615406146453
"NmQoI7x0",1.77556401992581,0.668824026613144,2.02139928282967,-0.682258621502528,-0.104058423468505
"No4wkdLS",-0.511487459076799,-0.298974949497777,-1.32977380483393,-0.661827993247143,-0.277468691072255
"NouMwhOf",-0.315897316675766,-0.181091237332683,0.861280977851901,-0.530108498199998,-0.382462096432315
"O6YAWd8C",0.0288017893439901,-0.268893144216341,0.073651885016469,-0.334267947465289,-0.846648488929611
"OAXVphSh",1.199852628934,-0.14365930063016,1.55495499664695,-0.201824037790473,0.145693974582789
"OJBBhb6Q",-0.3996851029389,-0.591954892099887,-0.935294886990139,-0.739173039046456,1.46079694732556
"OSIQXImL",0.471854119426726,-0.769889044936722,0.605001046768129,0.267005856413201,-1.65713956600358
"OUUFc5Zz",-0.439282207093963,-0.251477548470036,0.00865039232255054,-0.68868073471434,0.985311573024571
"OVk1lquT",-0.0431723739083486,0.711731144349493,0.24385676807,1.4322764336564,0.188256696069626
"OXdRxjzz",-0.388943787458431,-0.198682143146169,-1.10316448386686,0.147365154827657,-0.706546690559866
"OXxW2ekf",-0.320922144532386,-1.1623963039824,-0.21091241574296,-0.64870974757437,0.107377835980861
"OXz5OpqR",-0.231451560012128,0.613194660440926,0.840094199163451,-0.59243403008824,0.372929042236707
"OcBFW1AX",-0.423328215051529,0.305092408929755,-1.57158715900092,-0.269644961150119,0.923855345630023
"Of9V2rpt",-0.170507934742302,0.0898329893331889,-0.0642913002447048,-0.119898852505172,-0.459556271444705
"OfLxPhbG",-0.234073359810488,0.0533031283562398,0.0142287038559592,0.0275792615486271,0.868498704382747
"Ojx2vi48",-0.463714554806919,-0.368632906597276,-1.51089084097162,-0.630787623462912,0.179140814532286
"P3M32iuT",-0.604672000970808,-0.172957568403657,-1.01686485358245,-0.785300685522919,0.0973947170189757
"P7olVzrO",-0.496241336262919,0.0101309069836338,-0.173449082271971,-0.483798098657886,0.230806173300943
"PAPHErnv",-0.543548788073157,-0.0818732542685674,-0.892144492933308,-0.0532932324381919,-0.606192323557786
"PBjEtfXb",-0.157117934268686,0.252284974149528,-0.208101966639087,-0.385499695707153,0.340766730159669
"PZGpoBBj",2.00943566329214,-0.236441407620267,2.25039337207947,-0.465084011185863,-1.12187035318864
"Pc2RrxXS",-0.470087210278422,-0.321530343417777,0.147109106952915,-0.381854541234464,-0.165046955133252
"PcHQ4FOu",-0.2741572450206,0.0736424570235275,-0.457729410471091,-0.17242967129978,-0.086976833153445
"PeNyTOVN",-0.207942172007884,-0.014937815468599,-0.248237765802659,-0.410797924183397,0.213792283456059
"PhUPSU53",-0.351178967307943,-0.0355454768330288,-0.276535844543508,-0.316507942823033,-0.146722872172846
"PmUNeV2O",-0.416914816624694,-0.428770064874285,-1.60217932427745,-0.471211732428726,-0.683662112193731
"PoDJ0uvK",1.22114788214499,0.80498765368533,1.97811907880349,-0.866541299224068,-0.627183603152489
"PsUJdJdg",-0.0208318793123775,-0.013780974911385,-0.178919727132138,0.393462424976436,-0.39762034943467
"Q3xLFx1f",-0.430810066645621,-0.24881568721238,-0.807000834616967,-0.307643099743277,-0.353099953896802
"QBGxCvdM",-0.128017195893706,-0.308435631912133,0.113392063375356,-0.106299973994086,-0.691537702405397
"QCEPyu6L",-0.457487873854529,-0.341463894186045,-1.1608125615521,0.0640631057110393,-0.945688528318076
"QEfwec4s",3.0826776819083,0.0121414444552969,1.73396873595137,1.3627468896032,-0.702563625536293
"QZ87Nnr3",-0.547495235043404,-0.344503374327116,-0.326104436812157,-0.770550131686186,1.10159611979086
"QlyGN9jv",-0.315989173404773,-0.406989468020218,-0.404754276154382,-0.234714005098136,-0.0442333726543885
"QqgWE1ny",-0.578269259315365,0.165725939070595,0.0633202153470257,0.120582107796813,-0.724323856986485
"QrjjBpZd",-0.330452972518284,-0.178381554108046,-1.07138763442652,1.17823059199672,-0.514036698323849
"QsaBiX7V",-0.429643003541813,0.0218627097246352,0.546498154919144,0.0756985866867542,-0.244579964806259
"QtBKJuZk",-0.402542232465251,-0.033803337764708,-0.226163724258048,-0.499208958835006,0.843400038155784
"QtPRO8OJ",-0.403219523388166,-0.267207939559309,-1.0432103674359,-0.601786867787159,0.773955537167436
"R8XcsFnp",-0.538121756482789,0.590273475597034,-0.30667316542005,-0.464935959385294,1.84488621926897
"RROfRt9z",-0.317156026396303,-0.486543662369244,0.788765865498089,-0.442783484490802,-0.731384488586474
"RTcbiDGq",-0.487561540066231,-0.457852386405829,-0.17355190263286,-0.371076966832182,-0.152430917665758
"RVidM9g0",-0.00917589366417171,0.354788485214675,1.88230139086267,-0.630454554366382,1.30142759282727
"RZnQSH19",-0.392951393665785,-0.100566622375202,-0.124857824414837,-0.624690288351643,0.900017770594019
"Rc4UK7fT",-0.603674795945083,-0.00912656619905659,-1.05023380677892,-0.325280319251225,0.67945075411992
"RcKBKh6B",-0.362262976016609,-0.0709633692189611,-0.672739997565805,-0.340495291361976,0.440561858918613
"ReM5kDa5",0.236301578898533,-0.369744394537401,-0.186054302058159,0.155327633141581,-0.896918991700508
"RfntsotG",-0.421253863164743,-0.407714573591218,-0.17333078567262,-0.660504883115793,0.543847234557046
"RiXMlzXD",-0.255284897845042,-0.0926816134009153,0.725328885449895,-0.516468298801233,-0.530796740008016
"Rik83O3m",-0.700509109668856,0.270077562707624,0.083453138199945,-0.3178545797419,-0.374401887279334
"S3PCzDzO",-0.45201745875431,0.103599935031782,0.403047995983195,-0.778522461487426,0.115499334231169
"S77BviOJ",-0.375890988866328,-0.00455618343947852,-0.517177742735402,-0.255248966213115,0.144404072484132
"SDdvtktF",-0.333145102136623,-0.221910927820246,-0.420095116966012,-0.230018261550819,-0.783714336614179
"SHs1AyfM",-0.412494358838165,0.0312705967888429,-0.0834871562073726,-0.232607050543552,1.14673775009967
"SO4zQy9k",-0.261983099674979,-0.24375014502387,-0.366859383404868,-0.456469710227306,0.476509241762947
"SOOBCoiG",-0.205074883094342,-0.338434457943494,-0.308248633048514,-0.493160893741274,1.10717328130541
"SXkkPB7A",-0.20692792912337,0.437604315135384,0.555180947723726,-0.345439003515967,1.10468758109349
"Sa93dGqq",-0.504575385335118,0.227458105234071,-1.17842008179516,0.102311604291396,0.779046605290387
"SonIG72a",-0.328137554130723,0.0260286651406826,-0.510294197382556,-0.165662888714603,0.0808742627018618
"Suf6hIBc",-0.330214281870623,-0.0823435399960467,0.136031658486967,-0.470084906218109,0.653807075549286
"Sx2JeSRz",0.0920849588952259,0.217059464501701,0.0754889982891256,0.388423476371073,-0.806277269964951
"T1Tlftr4",-0.152943691999828,0.331193359414735,0.651829975123751,-0.722799462788745,1.41040262502998
"T7ulR4ci",-0.391607686885961,-0.431994499513552,-0.206509916387468,-0.783825848341578,1.05584472525816
"TA1NB3Br",-0.249272643378327,0.0238388396179054,0.114325530069445,-0.437777360125359,0.449048928121509
"TFZUskaK",-0.204369195694357,-0.30880151178458,-0.0513198855301978,-0.384331804490414,-0.729784874256225
"TNL8HGWZ",0.125430564449118,-0.400573710882748,-0.198061134888209,-0.132074364953931,-0.86699897102074
"TZ8z1GSF",-0.311864157572245,-0.299336483323089,-0.618884352505565,-0.516413394140895,0.349366091219828
"TqhRvkJJ",1.13841901513686,-0.311838471753525,1.69737850755112,-0.513566980792189,-0.358432800933626
"TtJCUiY4",-0.274673361073698,-0.199979075897897,0.279837691352811,-0.647222523853145,1.42416528458735
"TwDq0lua",0.0949638384857706,-0.0872192986121044,0.666369128456681,0.724560277750771,0.257247395881405
"Tzyf02sI",-0.215120642406292,0.118895877340696,0.211439076309777,-0.289035942748433,0.890094699567882
"U3yI6ZS5",3.31237864188586,-0.117623589603977,1.75297292154667,1.47473505654967,-0.974299746767275
"UBLnXZAN",-0.243889849086551,-0.095259021377453,-1.05357359324832,2.15303039381076,-0.420795215007353
"UBWDzleg",-0.281397682347096,-0.46491305412861,-0.91102002363686,0.538736777725829,-1.44798752224387
"UBqkX6SY",1.79103993703443,0.0918165091671178,1.92174285394802,-0.305960315552172,-1.10015995935274
"UCIAi1Aj",-0.38269642016687,-0.431353576065938,-0.550279161197649,-0.115889675844577,-0.0712888331973039
"UPbXGvCS",0.0196421743643136,-0.401738111600622,0.158625229956047,0.091859015124187,-0.721225008250824
"UeWm1l9F",-0.293735741645295,-0.00775134366098307,-1.15454812778021,1.2596454307884,-0.623034185064931
"UhucscY7",-0.1452609263111,-0.565318608253701,-0.419375118399604,-0.406701921064216,-0.736296500503539
"Uri1SvHV",-0.0322096253909399,-0.350650801842992,0.0181541317877774,-0.0505780384828986,-1.05116840350897
"UzxipGJS",-0.401580450913253,-0.491002861464992,-0.307494940349078,-0.430488300759487,0.463241850579444
"V74zfaAQ",-0.195014559246307,-0.249695757088859,-0.553398312609036,0.10563490368751,-0.914701727177183
"VBPxBLTh",2.10671809114105,0.319503766784888,1.85569780710629,0.637767282256335,-1.05376499590226
"VLG7CXYS",-0.268309280342054,-0.116475447592971,0.225237744753404,-0.288423072102249,0.5896045813778
"VNk52SpF",-0.40976545020007,-0.580450785523246,-1.2802840635717,1.72684095867829,-0.674193158236395
"VOREKsok",-0.356130124359579,-0.125650944298596,-0.697948282964333,-0.714871371913969,1.393549620874
"VRhTr5pX",-0.422026691122235,-0.794651217465016,-0.263909770932805,-0.676503515944689,0.0104739663086225
"VTcG4Kcw",-0.119385057706956,0.606171150545187,0.581639791713698,-0.427319095672853,1.17259319848
"VeKiWSbS",-0.255502833269015,-0.07550864040176,0.0616910017049411,-0.403739899190401,0.3480761728549
"VnU8nJHU",-0.421643807149157,-0.244127749545258,0.669161655252806,-0.404585072977474,0.00578831602712379
"VueNCxYv",-0.443494755719484,-0.62212186047089,-0.780921143674837,-0.526523999665172,0.532594296967735
"VxuQTRUl",-0.557223868570538,-0.283619099780872,0.456444648763926,-0.286129998881117,-0.360189906743372
"W5lgaocA",1.0355108648781,0.70854582153412,2.38582991623425,-0.613287158678533,0.309411623008137
"W5mMq9Ef",-0.340196901396744,-0.2331992742551,-0.942172061210603,0.512056114245255,-0.223742681673606
"WDhNqFpS",0.146127766299296,-0.0528567367853585,-0.446274989565099,1.14106183396478,-1.14808339231816
"WE6n1kZi",-0.554966820227146,-0.347493608646924,-1.84198981792582,0.559823079881897,-0.549993039427304
"WFk6r3vA",-0.485305372891333,0.173515359364489,-0.205506506784754,-0.324995513721638,-0.130724377645796
"WFyIrsUR",-0.393748891746925,-0.523231970426022,-0.518507125327475,0.706005831876639,-0.43368145592001
"WG6ZAsqR",-0.405043771805343,-0.163621009851273,-0.841629221135021,-0.741492301353969,1.00498047241591
"WMq3CZQk",-0.485253173798347,-0.285107887428693,-1.11690842727257,0.52396287141431,-1.43976420976119
"WRskmGjh",-0.107230705125311,-0.411745451981756,-0.751872675559954,-0.16292516163696,-0.608397792484788
"WXijSglj",-0.339572719746274,-0.692058105759402,-1.14520469526162,-0.403234044428524,-0.502193367047587
"Wc0stQgu",-0.39432233417688,-0.42450037172252,-1.29823475290524,0.389834512158602,-1.01477557839326
"WewoSCUB",-0.343549608006257,-0.366695757532764,-1.77815775350618,-0.635204866499259,0.182689982989963
"WuHuhHWJ",-0.240482133953287,-0.222457883083828,0.344321622163489,-0.598684137658443,0.895652649954633
"Wv7EBtZb",1.34629740240247,0.429063470938693,1.50100207407427,-0.0961856467562423,-1.37672017333224
"WyPlxDn0",-0.379085780964674,-0.0979182052444106,-0.559808566204689,-0.558780838657634,0.72471364378384
"X3WqoSNN",2.57381314857892,-0.337991161056217,1.06499092399632,0.735051862991321,-1.38274925312077
"XDhyP9KB",-0.653685972820308,-0.137325082688562,-0.322486281033167,-0.257433110756218,-0.644812449661178
"XQxhDRMG",-0.497801781054856,0.101907782344569,-1.12092637131339,-0.28106384208195,0.760388989356625
"XjLNAwxW",0.00132709109047253,-0.337925999015505,-0.172385561301562,-0.276326350613653,-1.03974663492111
"XjfVQbXd",0.54818813676864,1.10401754839655,1.91077705432406,-0.507932115953509,-0.789209060974282
"Xovczbf6",-0.418553237310527,-0.0799501732069595,-0.793782567174353,-0.760919126204296,1.42543363828551
"Y8H4onBf",-0.549444226217768,-0.795772041380381,-0.879648085346795,-0.703971391937101,0.539550980622819
"Y8YgzSZ9",1.19338003066712,1.1957289728711,1.90352763283074,0.0304921758870384,-0.359091293942195
"YC4PNV20",-0.459015749584891,-0.153841712528133,-0.451364279607675,-0.64000028430576,1.29005468920315
"YDHSCRdd",3.52492533758318,-0.205572794241104,1.50758487305902,1.86151291908217,-0.434707037354675
"YIJ87aME",-0.367539373239205,-0.340654150756875,-0.292683786970404,-0.403632802691849,0.448067297374412
"YKvT4dFv",-0.321021106214726,-0.448649614447399,-0.284329649693923,-0.206451046915792,0.177961928896478
"YNebALR2",-0.501390914449258,-0.148235299597595,-1.04459839471549,-0.478506509169275,0.478594150425981
"YNrnqFyb",-0.345643368681849,-0.492839757253344,-0.153133678825422,-0.89981981494281,0.032921877226129
"YUZ4lR3m",-0.401131534605456,-0.2391030242326,-0.243441726742422,-0.354431896532383,0.331091282187797
"YYLvjoVC",-0.0648152056602045,0.175586401963347,-0.0383652693316753,0.050225419370536,-0.114279821609996
"Yb8OtMb2",0.193341647287342,-0.253283661513643,0.429609019449248,0.182860050640168,-1.00154887404276
"Ycg4lTYw",-0.105947111192252,-0.511681347975519,-0.432887029042431,-0.225061617333214,-1.08085464767677
"Yfk6tekH",0.253974947776606,0.213770214372465,1.52055264456561,-0.328318044714583,-0.617006024931087
"YoSfgmR6",-0.530367775686893,0.178738259716389,0.0645871597037503,-0.166191039142834,-0.0200437011325739
"YpzFvexy",-0.314075801845889,-0.218198398928127,-1.04147904610691,-0.168647385184942,-0.461107808126184
"Yxqppfa3",-0.161063072107962,-0.250311090633272,0.323893793277634,-0.0140664308848945,-0.283078133759211
"Z16jTUvP",-0.252939773949822,-0.591691332548405,-0.455732174292316,0.143230540342079,-0.325468157336564
"Z2BdCCbJ",-0.294332690291111,0.000878233078297033,-0.145187847976563,-0.448050564141714,1.03309480781308
"Z2JJMM6V",-0.541497701731549,-0.590553611535812,-0.394928311195578,-0.345397128799566,0.208574652767318
"Z5jE1OB5",-0.264864224508465,-0.224394896451775,-0.0731240127062476,-0.230759039767732,0.247965928612663
"ZFsIqYxA",-0.349719063079381,0.0857709314969848,-0.0495942721338453,-0.114651546091687,-0.11460019800671
"ZHDVsoRh",-0.355798133044897,-0.171697084084491,-0.598450978735198,-0.228295797256443,-0.442744835092065
"ZSmfu2Fc",-0.270255944016425,-0.648961451342482,-0.772160349498878,-0.302848401226432,-0.492177455286073
"ZU8YXF3H",-0.385660640553963,-0.122221737351931,-0.67563053095343,-0.763684073240146,1.26807439232817
"ZXKaNy6Z",-0.451060683094144,-0.212183454132746,-1.41720450107382,-0.588750813958268,1.01266248920007
"ZbYLo0zK",-0.111068870587162,-0.0719672184351328,-0.230793548610821,-0.60721632461329,0.498613516581683
"ZedN8Gcn",-0.480293246311324,-0.382117807599815,-0.154984721054616,-0.41457835561368,0.0914542953966974
"ZgD4Dau6",-0.165960236243883,-0.398852752104151,0.313663923961011,-0.363860508800934,-0.888727942619101
"Zgzf79LA",-0.461379623892601,-0.427057132062447,-1.62003194751046,-0.623568635220399,-0.175741874568948
"ZjqzxDOF",0.217922811641942,0.650126416032843,1.73269111807334,-0.683051510670536,-0.0273478463314467
"ZsZ5aDpq",0.108160429986238,0.16522306898875,0.499846685081093,0.70398532399108,-0.909785682286285
"ZtyqE7If",-0.445487358216466,-0.740398428649791,0.1658709683848,-0.464803309375028,-0.750277921420094
"ZvUgz01f",-0.271981796666894,0.413961697621362,0.358711553046918,-0.804291043458047,1.01908062025108
"ZwrhgdQV",0.533583311112943,0.274294926093327,1.5368180367354,0.606015886685525,-0.677652499745045
"a7bhJGBU",2.34503840292246,-0.263726284505406,1.62685063911813,1.07182209597333,-1.47907314903876
"aHpv6KzP",3.42773037099384,-0.26035082432788,2.27479296014775,1.07474027820643,-1.03360294947443
"aINzEBVN",-0.457701970269519,-0.704287526643065,-0.717168637356792,-0.469510945224806,-1.19437387104741
"aP9EtTGF",2.63594688616041,-0.725225052139943,2.15817757248163,-0.734496095317592,-1.08834284829419
"aV6EhtSL",-0.494068878757806,-0.0773428356854799,0.0195407606409813,-0.441043507021818,-0.0433464019929399
"aVZsXKoH",1.92130822121378,-0.3056213132819,2.27209225604679,-0.597758564876507,-0.984090512837228
"aYVnVJvc",0.513502211639305,-0.0808768633413681,-0.303217541179754,0.875994185093136,-0.94594040142843
"abCzN1zx",-0.501106087656988,-0.313719292856091,-1.5629356289149,0.413852292263374,-0.64459756556596
"ae7sMiB4",-0.215093381322816,0.0717584662340311,-0.0011062461966125,-0.414328934823046,-0.275489713544979
"afsVuCGV",-0.254693808073644,-0.58709579768867,-0.768420135654767,0.194783752731928,-0.400574230909391
"aiwBQETI",0.18684319840637,-0.393657554970685,0.136262530749481,-0.00107183388900876,-0.885241255028527
"aiyli4EI",1.50737583342001,2.10962374699322,2.03765559151793,0.756651063876698,-0.372304614319846
"apJ7NmzD",2.22739618671777,-0.0767376466996861,2.34034281200005,-0.649036778183686,-0.939779648472645
"atVjNMtQ",-0.281235008766709,-0.615647483912811,-1.15192282317009,1.43178159834496,-0.719628588335731
"b5GirVGV",-0.489028557796202,-0.520419270200276,0.39154610074799,-0.610341506905627,0.501967438592426
"b9SpMjNB",-0.0595683580394806,-0.10156955742372,0.222842185358836,-0.135371855201542,1.24068581156571
"bAFs37yy",-0.399459779095176,-0.355660104372346,-0.296212249750454,-0.679377734202335,0.865634134178384
"bDia1hHV",-0.481309103211386,-0.377561521800714,0.409444328243457,-0.287695811892571,-0.710632376494653
"bFkv5Mtr",-0.236606415742266,0.264814544712948,-0.449824068047689,0.291531208051235,-0.055916560943002
"bHe2IXgA",-0.3313399759103,-0.503414964679985,-1.39186903732403,1.85445226070995,-0.723721900169893
"bWX3vUm5",-0.0250903352812313,-0.046469288716503,-0.125570438251953,0.232789459941479,-0.972866977623491
"bat8tcGs",-0.102712078628915,-0.502421744984911,0.341407862272634,-0.0309625768598449,-0.54962123524718
"bfjej4wu",-0.362592662973914,-0.245011116060773,-1.08206716981894,0.217489271182919,-0.966294260014791
"bh04YDiP",-0.235134452672372,-0.432621088099394,-0.00440328544745412,0.26176262373884,-0.611464184616304
"c110Fdc8",-0.238444098178112,-0.252016275018595,0.0375485652028288,-0.43363492743498,0.0505083239169331
"c32GUzMa",-0.292836587429752,0.833521142459838,-1.43815773536888,-0.00644238499795516,0.794163034635007
"cT6uU0B0",-0.39006714607224,-0.394948370575121,-0.463154985990507,-0.540542010441841,1.09087073508349
"cWXCiFwh",-0.484492006583708,0.00817239833468576,-0.33710216228868,-0.0889944748385557,-0.0391649531750724
"ceNvS3yd",-0.543049645044216,-0.276145069570424,-1.00711450904821,-0.26661181037741,-0.208311558901643
"cmwdt4Av",1.97245875924523,-0.0592109488408336,1.64030103089323,0.223113441761868,-0.924918723090661
"cn4EHsup",-0.457466344643222,-0.152261643401174,-1.38723169657181,-0.177790258709683,-0.217711184533474
"crVOGGTT",-0.156558715350994,-0.285377847937479,0.262188641438464,-0.166323835073026,1.36040491970598
"csPEJ1E5",0.133806629040165,-0.678201488137011,-0.592932228238586,-0.459454396130887,0.112560709118594
"d0UrRtMk",-0.367516623961564,-0.159184857259117,-0.810070555085844,-0.769163086906129,1.42258557721475
"d6LU4G4I",-0.415803417652022,0.101730796436663,-0.898141856926451,0.307488879567806,-0.0640968186556978
"d74T1DVv",-0.442958259041847,-0.222319863105185,-1.17661152430489,1.24354583212272,-1.24235775634501
"dR6rM1tQ",-0.0788384339626396,-0.778173144989522,0.370592782780179,-0.0764047860482473,-1.02413481639813
"dUNxOoqg",-0.41430841668352,-0.103745323868228,-0.831032283024217,0.235258946873033,-0.937027545413824
"dUnlyhj7",0.262894070460498,-0.169551686791538,1.11401086571593,-0.538931893935276,-0.105965296379962
"dVDlnZQ6",-0.188735317231534,-0.350162033501906,-0.300172926843097,0.0651938238729455,-1.34827911591073
"dVT26GDu",-0.234832969247737,-0.637739189705505,-0.35964859843247,-0.522395338110345,0.951711944216816
"de43ycXY",-0.0161790060188867,0.384858233110568,1.54331602634394,-0.80536181151108,-0.0289819598278332
"dfIn7m9z",-0.385828387749768,-0.424540674546626,-0.656809878909403,-0.121452068952695,-0.625931971124174
"dhmb9ZY9",3.68813754779318,0.138797364178047,1.2877588296721,0.995597386404575,-0.979108300203146
"dn8kCuyf",-0.358291372747479,-0.18976750882002,-0.585060334542414,-0.472944834185903,0.807597050075123
"dpcquvWW",-0.405362353468978,-0.638017003187134,-0.104700969868172,-0.347391817480198,0.159915774287269
"dqcbIMyr",-0.562349955742887,0.312036281083003,-1.49802380258687,-0.228693260025155,0.0862757201067243
"drWgsBf5",-0.43561087990158,0.322724808851971,-0.450876003891529,0.296649767101076,-0.628814507332135
"dytx0HSe",-0.424243924642225,-0.15549452638887,-1.03987213013776,-0.721214904181169,0.894502317904447
"e4KkkIha",1.86549752219172,0.306284430868315,2.45097452831356,-0.460078206490672,-0.913242831059355
"e9YorH4m",-0.622563660693937,0.000507503005160167,0.755363001488089,-0.837658192257543,0.744375322561078
"eB9gVQ0R",-0.0693754443539507,-0.0265774200721335,0.806318034452175,-0.333964502935214,2.00021020381263
"eMhLFqU6",-0.459991260165,-0.00731683748721751,-1.45979343085019,-0.201527903454028,0.315997337902934
"eMllg1qm",0.616566298068699,0.759482717652571,1.12163102533556,-0.270891494024217,-0.659029008495853
"eNPunZ9i",-0.486256841602708,0.291251198035343,-1.50891707230029,0.209045697964538,0.465414214984166
"eS5BSM4J",-0.409663438003656,-0.183829830488935,-0.22829431190895,-0.669309714280569,1.16411519746245
"eVGMFoOI",-0.59477089046011,-0.00206856697205336,0.322939843289749,-0.941467688356298,0.964019519925897
"eaIwb3rG",-0.194080523075105,1.02257453186247,0.387052082978621,-0.269064694935511,1.31845101674927
"eyzw8Vis",-0.352959206401065,0.431174696867361,-0.494266009906082,-0.529683807740125,1.19834535225771
"f04Ke2bN",-0.284024629329699,-0.0903495697179781,-0.462324453779536,-0.0773705168467783,-0.0469837588989951
"f4GA0te1",-0.196812492783281,-0.320903123747387,-0.342632392245756,-0.406806618839119,-0.0104281732403809
"f7bd91h5",-0.368438356823308,-0.501861830825358,-0.180029332822998,-0.753258531799518,1.08368864375343
"fB7z9ndr",-0.264628059484567,0.442687123942919,0.041373369583521,-0.413301687053002,1.38471167888424
"fEe7AWFA",-0.420744564729661,-0.561004061819104,0.743046460694768,-0.455854555193615,-0.615579208555521
"fJJIbgY9",0.351966012999546,0.764365033929643,1.37065665614724,-0.493379419300119,-1.13305702789927
"fQBURMvg",-0.332463372096471,-0.0631748252771165,-0.00124787978728593,-0.47385275058078,0.795346556641016
"fS0HpOub",-0.426024024795981,-0.299096514908127,0.15050693673207,-0.536872345763071,0.525115016526931
"fTDXauuk",0.255693405430876,-0.302224916803195,1.35288293191897,-0.489630034145532,-0.771825816083223
"favPNA2N",-0.535755533366513,0.514909807133347,-1.13536857430497,-0.0115072577724819,0.959975841944901
"g3Fv0U4k",-0.243570345520567,-0.115827709817095,-0.496052410837875,0.418320309722388,-0.745057599313226
"g5PKo2E2",0.157313371244947,-0.25260595305674,1.07322955880638,0.0131466509217663,-0.322748282758429
"gbjnD5fe",-0.214828680220515,-0.822039808896517,-0.399350176845026,-0.691846778095087,0.497476261332376
"ge9zqXCv",-0.412711418598167,-0.14313823982835,-0.369792368729892,0.870855509969519,0.218365806116635
"geeqJpSE",-0.379832118142713,-0.210501931217113,-0.0518715454326229,-0.67305358318185,0.821267409461768
"gqy1J2RS",0.161337150786705,-0.218064769102573,0.518154277716774,0.202230670231313,-0.723028665727858
"grlUtS3H",-0.222442540257987,-0.114057711156009,0.176120427659117,0.63386279917707,-0.770864183781051
"gx965KYj",-0.156387553467893,0.0162252287333251,0.126011375576515,0.0136003511345659,-0.202937729434286
"h3F08Vjm",-0.353072318861265,-0.00278411520884612,0.204925175674297,-0.508579455079795,0.876496533633442
"h6FQG8Iy",-0.14682029052689,0.458955802240743,0.772968757994288,-0.40045735403725,1.25686988010741
"h7ftM8b3",2.01440805156887,-0.0618411646386538,2.0230166212495,-0.199615651888548,-1.52137609715953
"hLrCHXZv",0.254600618955065,-0.301704720280075,0.145408497094569,0.282066180963247,-0.73759085374594
"hQ6VBuFx",-0.122752362593816,0.170007642830434,0.668300563217802,-0.387904024652958,2.06884691529649
"hYoR2y7w",-0.44610811984826,0.299647803464517,0.0995103179748796,0.0521758198292559,-0.79986847253338
"hf65yZkM",0.318713508575117,0.0776924417074246,0.496448846560366,0.783466764260446,-0.924222311437047
"hjuwe1x4",-0.24274025857666,-0.184190170381275,0.494844505684051,-0.486104800559863,0.247201379258241
"hyINlsFR",-0.382154100255595,1.11125090251113,-0.314006158019287,0.214521703624851,1.75782627408012
"i0Qlm9Bv",-0.1551041478067,-0.0745139181948889,0.234796592082012,-0.462536687168063,0.98058362406655
"i1VxfxMb",-0.248872406288885,-0.149156984664137,-0.0762508848325718,-0.547400513398987,1.23978162161422
"i2l6jXNP",-0.511613012998468,-0.288137820981727,-0.879039327451502,-0.388395255273928,0.0720516650836821
"i4FgPZv7",-0.325862828940111,-0.255287823284425,0.0771421430405808,-0.695620841705546,1.2958304411557
"i7XtIkSi",-0.292288210095725,0.0194873475103774,-0.369593997275315,-0.373131297362042,-0.0530390685170507
"i9z346Ut",-0.334196476327447,-0.0927711690708472,-0.362251615674733,0.741170038852281,0.0664169405700713
"iDOat4cZ",2.13702410278352,0.438601897892815,2.25214908302799,-0.59139438659727,-1.21486947900546
"iNv6RoSO",-0.19092437213807,-0.141331147050637,0.417603486262782,-0.142506678224637,-0.160489662399238
"iSL9NYzy",3.81170963446398,-0.483699960990346,1.8661005573464,1.85066671992631,-0.884014156589348
"iSqVc1r8",0.0547367070305091,0.690945526305984,1.42868177881409,-0.604933278541597,-0.19255328736408
"iYZMftt6",-0.774024554542022,-0.346623452312617,0.147209950169474,-0.866544391953349,-0.860317607020636
"ieTPaa3c",-0.330673786265613,-0.422745490686873,-0.865532740486111,-0.219702416090624,-0.184846744616776
"if7BmzU0",-0.400983181181261,-0.263459520556765,-0.218891671154478,-0.640121496211346,0.697172612322148
"ihNz5bmx",-0.260037612416505,-0.473143162699857,-0.162688556569378,0.0622873160637703,-0.951264935203747
"ikJXKdIN",-0.295397692666286,-0.222806096543616,-1.13265807327826,-0.459559214525197,0.852687740641097
"iq2kxikN",-0.266963304739046,-0.140294086400542,-0.0642130732966495,-0.149319878795738,-0.972566221236756
"iuZEDJK7",-0.343893354160561,-0.280434408130908,-0.527100608400452,-0.623045586398553,0.609911008645971
"iyF8gVT7",-0.318238301475251,0.0456327183205034,0.0468132366100598,-0.628133929617429,1.42076493053173
"j06qdQ0V",-0.393180797434331,-0.463740645428495,-0.047086525917578,-0.285584374296968,0.0839741766914602
"j7hl8svO",-0.5898725593022,-0.373040178995799,-0.00960939557731618,-0.154818723984113,-0.680075498987345
"j8hMoJUN",-0.452204982297883,-0.462897316217987,-1.32275425539113,-0.557482163596061,-0.302339096666926
"jNaFasbV",-0.464037333939453,-0.296771967572346,-1.20090524591283,0.255895864272311,-1.38396896243467
"jVVHeYHT",-0.502287921060693,0.0079311856788516,0.118819658043851,-0.57069267284147,0.843971636663036
"jXm4ySvK",-0.293471585574288,-0.238077780672074,-0.0476625191482237,-0.396485605272897,0.703513452826083
"juO5ii5l",-0.282147417898026,0.235557541446993,0.239805818713137,-0.344843257768311,0.116977099798608
"k2hdEBsU",-0.476529867986897,-0.281055693986087,-0.49097967075735,-0.787720330014205,1.17278323477229
"k3ynMfhN",0.20086303399907,0.447064195069818,1.12805792319356,-0.278187079818559,0.505871581502518
"k9C9yBtr",0.0544975095562015,-0.146104586959507,0.247165640645038,0.416414555711112,-0.784665980709623
"kAKRvcRo",-0.295207133425743,-0.190877844743978,-0.0340470809417623,0.222993882896536,-1.00147318465809
"kBi3R2oC",-0.229354705113335,-0.308499154900561,-0.00910817823912519,-0.540309958038893,-0.423211876995759
"kDWmnsXe",-0.0924998507507024,0.0523984962568518,1.84166489913694,-0.668747211453322,0.00337135738338423
"kSGBd2Vh",-0.364211008405444,-0.266088147667219,-0.153538690274863,-0.589773222568342,0.525696292171819
"kT0miHPT",-0.406327696988539,-0.619407932612789,-0.117212997975228,-0.501433413399512,0.216977986933281
"kaW0TfRn",-0.400804738205496,-0.695618132977604,-0.878008321777169,-0.511947858837456,0.023398018959131
"kmg3SowO",-0.425897821860658,-0.0643806446307168,-1.07308640486066,0.400992591717683,-0.527568636835638
"kpxKSlnF",1.8243840817121,0.180447956925984,1.58239251347752,0.622795440245566,-0.320106720765361
"ku2cn1MV",0.601954106720723,0.544179265231615,1.57743274322282,-0.482171503061481,0.0926007668611805
"l1su5HU9",-0.373759183021304,-0.434566018279095,-0.426558490939745,-0.561393430370332,0.33281935470692
"l8Tg2RvD",-0.495232059102089,0.194428210975946,0.635339181020574,-0.681164413254451,0.727630996943004
"lB6NsVOc",-0.281900093310654,-0.335002568872392,0.0690266163216992,-0.671619379225077,1.43520538413016
"lEcdVyKk",-0.370197720784174,-0.0711280854926324,-0.729580722042154,-0.538391546233638,0.820731680250076
"lH4TasGl",-0.182527841394208,-0.311755505713028,0.97882220728891,-0.639230908061287,-0.636346644413292
"lO9aggHW",-0.0914865669556001,0.504816830017809,0.108496258239185,0.273283086546953,-0.0210337192415554
"lW3m9Vzu",-0.352058783012887,-0.216959025188551,-0.427147620032603,-0.256368509937752,-0.350886243423115
"lYLseGDP",0.0182861431416516,-0.276236223093788,0.499241337109889,-0.384876824863009,0.18604586413832
"lcOnCdZi",-0.275661041751759,0.238077091895937,0.997276217729012,-0.564608673433172,-0.399660362993418
"le9YGwON",-0.214528217102892,-0.445188264550949,0.355583521417981,-0.80558974555217,-0.12872685257918
"llMvu3TX",2.0581555970329,-0.279234807706655,2.77524572796543,-1.4749004082387,-0.188701435726661
"lnHh2jFO",-0.144611725344826,0.104593471831359,1.71077020690089,-0.920506083915847,0.244003241154257
"m07CVXd4",-0.236793979419118,0.0455684956885634,0.48978323913872,-0.528048680784734,1.27824338203624
"m1lPk91z",-0.266605415527013,-0.402030628466671,0.247524976946279,-0.700070060530799,1.17591652074444
"m9IQdmwa",-0.448982113326097,-0.361388049019526,0.257514596848263,-0.550848816903948,0.600382078748835
"mG9BRy5x",-0.478198262779167,0.0762185498428128,0.154167509976679,-0.258537346109069,0.16834402329539
"mVHXnama",-0.399745483646104,-0.612814509480373,-1.04629244089073,-0.391405486111004,-1.23873996851219
"mXyrR6nU",-0.38262164518914,-0.0141061626424132,-0.873822433511457,-0.416258099316719,1.33389701745564
"mbzNdxNc",-0.296183939761626,-0.0683837882066318,-0.264714594296375,0.116117555458875,-0.758651671495552
"mntH7g3L",0.00191653687217416,0.616910332439174,1.51727076724165,-0.675675074103706,0.248161435179508
"msRTXP3H",-0.259641776704809,-0.354557180568659,0.314944807783546,-0.236925243962166,0.452395574612855
"mxBjvIPR",-0.448731789181524,-0.661092163772224,-0.104155756127946,-0.483215651352901,0.520371399090676
"n8Opmfbz",1.19673804633368,0.490559098669423,1.87682411640436,-0.111946264374365,-0.559709641873698
"nOkgU29Q",-0.201848117793692,-0.287366876467635,-1.27214435274975,0.343342017452074,-0.978401516242454
"nhttf7VM",0.0334513332140791,0.598285722319171,0.822442416236255,-0.153000008475336,0.171499647475689
"njLbXYa3",-0.374509169707139,-0.343263145186802,0.113379402671298,-0.435996703933833,-0.526669270871072
"nwkIpzmh",0.410941175310678,0.35198910677319,1.05158655870859,-0.206480214492692,-0.383720878089919
"nzB1R9Zg",-0.163796900491418,-0.131552951060531,1.17816181367674,-0.843184806873427,0.517389234856328
"o1rZRI84",-0.24515858947933,-0.239227179472328,-0.643249696429562,-0.49601876742313,-0.560035424840842
"o7q5Mbty",-0.48435930946557,-0.36067231105113,0.298864899046356,-0.715487656577165,-0.884398583269524
"oCBvysqB",-0.512443678178934,-0.0462605610314481,-0.325810907212838,-0.322961498920937,-0.257557264040999
"oDmycTPH",-0.194967518901585,-0.55349735217317,-0.407612412967008,-0.389708800101876,1.39759683782363
"oFAXZvQv",-0.373563671132657,-0.119467318498497,-0.601783388485828,-0.165192347373118,-0.2888365745317
"oHE3M1zX",-0.223758090579221,-0.0753889448126105,-0.337730025006077,0.588540965583781,-0.493957678780213
"oMhVmSpV",-0.825007550074094,-0.0283267813767073,-0.505228637134002,-0.553493512817655,-0.536476933650692
"oNsDqVbi",0.0301214757548426,0.848675009146122,1.53151626058265,-0.816652121328705,-0.676436716772529
"oYAJqQk8",-0.374468699965693,-0.704708768202976,-0.825709769678129,-0.688122392490689,0.00222859959960883
"ob5Kb6dW",-0.34921309169383,-0.0148503294310898,-1.11190517712081,-0.57814761621986,0.876500923968739
"obnzqs79",-0.358820901860027,-0.460507600216392,-1.42485029680572,-0.582026680535705,-0.456481205289343
"oncLcgRP",-0.368865611542659,-0.403351042075373,-0.425715923604334,-0.0894848916032985,-0.270766744464905
"ooWVYaAe",-0.236408669293722,-0.198149689481966,-0.258855836382109,0.778122591288725,-1.22116499206079
"osdyOUnV",-0.351487997072514,0.409807091552775,-1.7895535306366,0.232401489635248,0.434889986501179
"p7H9CzCv",-0.330066001479942,-0.587216151120452,-2.00320142592328,0.559838355622421,-0.631189570961081
"p7U9hVhY",-0.357433651636482,-0.169507864703147,-0.570824786766566,-0.454868133879631,0.374663332173862
"pE6Cf1RV",-0.160052031920699,0.353451583875091,0.330768283099115,-0.503805537108254,1.27606267117944
"pI7qzotI",0.241741282545869,0.390967439831414,-0.521142002122144,0.150019316801921,-0.447854916243774
"pJrIA4sk",-0.439284886670344,-0.652159653715835,0.060198625247826,-0.493195665114102,-0.101439064694793
"pXne2CLZ",-0.338176530485983,-0.47788918900875,-0.880770751866198,0.832767727197987,-0.693899493293191
"pZMcDIOS",-0.481379385043533,-0.394684443890022,-0.164816647736361,-0.638732187671153,0.751151854953982
"pavfp3cc",0.296957136733596,-0.608916426074583,1.14578178449281,-0.0194540556168412,-0.730589168234693
"pbQdC5L3",-0.69350025196472,-0.5235787434902,-0.177523118190094,-0.84516822072643,0.65134774108023
"pgj7aAFP",-0.298226032482056,-0.655104540441302,-0.313033777441772,-0.421500618990533,0.570277828097315
"pxg8G3ed",-0.344560770244171,1.06546434821759,-0.0539582199411592,-0.216881127019727,2.09392283856188
"q36Npk6l",-0.538691160413891,-0.312862371417254,-0.982233627288208,-0.871472088437338,1.00131244071809
"q4aDOVvq",0.636230634849906,0.352193497567717,0.833772589709412,0.635650650108407,-1.28362850328143
"qGmfR9CN",-0.33643544404327,-0.0478554454337678,-0.810779291045707,0.56514225600088,-0.652811516688237
"qJ51ODpA",-0.41070050255437,-0.149100732555282,-1.23710232242377,0.448684837936128,-0.314751499363049
"qQX3cs3I",-0.313415107107125,0.201105112192119,0.370474929866498,-0.816323258372013,0.266081721536801
"qXeIxPb8",-0.322817192658642,-0.0566861815260988,-0.383956492505944,-0.46592479532435,0.698883696751802
"qYQ4MShM",-0.0409466179185994,-0.0914968538669826,-0.234093639679154,0.398666400100669,-0.923313211056449
"qa0etnhK",-0.229618112792721,-0.5822599186567,0.194004253804083,-0.0141053306153716,-0.836853987188189
"qbL4sboq",-0.706937173558069,-0.332170987686453,-0.932200332301771,-0.90721566337404,0.846583153021477
"qbYrsWHq",0.595336965691155,0.9016774619419,2.29958542890804,-0.0254418361198043,-0.24982648275085
"r1zmcUqQ",0.543309181866602,-0.020659848674152,1.03226668307618,-0.3685647872034,-1.09848427700038
"r54iHeQC",-0.343206905680395,-0.241417367728389,-0.0520916153253564,-0.538773492377191,0.586952059546965
"r6xrAnQV",2.59653313212133,-0.562344575139342,2.15925906254509,-0.307402443586163,-0.120516793822911
"r9HxnQDg",-0.266840093345571,0.22495509658317,0.480032584777635,-0.145936550177484,0.877395779862745
"rG8Puuf9",1.00868292309675,0.102492856850724,1.29489310890745,0.212746378780541,-0.734587162859462
"rGuiefuR",-0.242565403129691,-0.376170563177997,-0.812320960542343,-0.0118276097182604,-1.46130970523066
"rJ19OhGP",-0.361650614077279,0.0279461376859544,-0.707517254045943,-0.595855999903747,1.0738932841944
"rOCYepHd",-0.0571333919232111,-0.123898325313451,0.552071248671717,-0.422648850353806,-0.467735219367386
"rQJaOPFI",0.0742990759982052,0.293818226427795,2.38385308313514,-0.465946629020327,-0.0827421745485259
"rQhZtZeh",-0.134172641221383,0.464537011915254,0.679936670963283,-0.677847238149584,1.34169076982218
"rapmok0w",-0.419280243032433,-0.330288452392315,-2.09822067164153,0.273283390658,-0.00299825099467568
"rgzfnPVu",-0.46301589096726,0.352546918281048,0.688160484935448,-0.784905509953746,0.497762162530677
"ri4qhb1S",-0.37792111023571,-0.102632756223412,-0.82088901101505,-0.522595826615474,0.687564042959233
"rqpFYzff",-0.436954793545389,-0.403202198269427,0.343317149260126,-0.713495013113706,0.533175109915145
"rrs22coX",-0.267251538917517,0.239245644713813,0.318384481419511,-0.302454398243735,0.958623381494929
"sEeUCQLc",-0.411245828897617,-0.236136378405982,-0.977680806497417,-0.415490926897656,0.582221024269233
"sHScwqQl",-0.305122656608407,0.210398279713837,0.30458160451661,-0.626201733802601,1.29626971658657
"sNC7DiAt",-0.484167276638946,-0.184559034829154,-0.399644340153557,-0.711916932256733,1.38951703913329
"sNK2TSs3",-0.280026481222946,0.00446832964023373,0.268886111426487,-0.287654560270319,0.793631949240613
"sO7Su6uw",-0.518787093781167,0.21550100880942,-1.70737444382065,0.0463232022205104,0.330720756601251
"sOWZx89o",-0.467299254876578,-0.249135748209997,-1.38140856338707,-0.638446921540737,1.19194518433511
"sPbRcPjC",-0.0368960036396301,-0.365548620799486,0.62060165056738,-0.178294184393497,-0.580470436729616
"scVUfTKI",-0.183162119711524,0.0132287913354462,0.244273355437062,2.20744679683458,-0.364970490314261
"seRaGeVv",-0.492836838792495,0.122718179765321,-0.301908151832879,-0.438132308372131,1.1268293689358
"sgtwiYWi",-0.444396254457804,-0.219723431254191,-1.35852836450257,-0.207393066426338,-0.398091454538429
"sjmLHcT6",-0.522631207729044,-0.254611397169183,-0.729031410361188,-0.752094902959836,0.378870613601302
"skZUZZGS",-0.422502335609061,-0.423302879656301,0.312399202998266,-0.407804253790736,0.523156530006878
"suAmzADX",-0.811244446328022,-0.958101771467639,-1.04519087026755,1.73076977194259,-1.16709663577718
"t4GWLqlO",0.365418882177053,-0.0858307132428955,1.15579039080245,-0.23782972430287,-0.174197253895466
"t7gy6Jyy",0.425262801157629,-0.241852232762155,1.57242428185606,-0.480850824458018,0.421031820930384
"tBadzH60",2.19570191115923,-0.192910544258155,2.43853559941561,-0.915009280068189,-0.777623294280378
"tXUWm0hp",-0.137181829107799,-0.199271452927087,0.0701914364457751,0.77855028405474,-0.868173643113066
"te6UPPxf",-0.624063816629508,-0.0276935999501905,-0.279057131053188,-0.455853862831764,-0.537133497644654
"ti2lamkL",0.132423171513082,-0.0722930980385165,0.359721258686184,-0.0797525626717424,-0.478277474484938
"tr0lpwuU",-0.253431480266855,-0.375022955784134,-0.646478859999049,2.37028437372349,-0.948775563067996
"ttdB5C73",-0.39559929455552,0.0707237452480743,-0.0449829159218347,-0.282012344228474,0.781827377307891
"twS8YZu9",-0.404219101104753,0.175638760160007,-0.296917629192888,-0.461026661820807,-0.0476725105028937
"tx68W34H",-0.435967737179985,-0.213255657500522,-1.33032732062201,0.786647819971474,-1.24099535041308
"tyQSX4mY",-0.327091088844262,-0.0086431784323768,0.0305592696559695,-0.624301930505248,0.40006426618628
"tylKCRc0",-0.408316266388492,-0.524711231784395,0.108370380799131,-0.482019764158851,0.253299978402194
"u1544WUo",-0.399876204680323,-0.238140016050927,-1.24327435267152,-0.587208486932541,0.759846927594442
"uAw9an0d",0.161267975525765,-0.189320388170092,-0.0134808169130419,-0.171837736899743,-0.318765710043589
"uLZAEXMG",2.56992302409147,-0.25530815083533,2.02479475907104,-0.260210514182365,-1.09932721402316
"uMwe1s7I",-0.51078128081379,-0.300950856229821,-0.75586136211841,0.580685702430991,-0.717556571708441
"ufhGeV3q",-0.593777580282837,0.0377664586260261,0.51225651856323,-0.710953736668642,0.713430057488469
"uhAeGBHo",-0.294048311907408,-0.637448906582831,-2.05522178607313,0.377848344318039,-0.737838803891735
"ujHNlqpw",1.20266964412662,0.89090611346953,1.19216795780263,-0.062830953281066,-1.21464008948157
"ulV6kuhB",-0.253370091817717,0.0807252807987593,0.116836351613801,-0.410204959791432,0.59160373143863
"uohEnNEK",-0.274786801781884,-0.0488594964904637,-0.638887675116449,0.818555951678161,-0.858208107780879
"v1lhA8I4",-0.305269931964362,-0.156503182415564,0.414623941490993,-0.656330563577132,1.48850614345242
"v3JzigLI",-0.368392331878392,-0.891823856933965,-1.20550840776168,-0.759681293441406,0.728680238185873
"v5IwjyIg",-0.400860852183585,-0.447533677355359,-0.639811615939985,-0.127674581443668,-0.966654345992353
"v6lp5TK1",-0.196808694373187,-0.0380638372757858,0.443432003914193,-0.648882378184916,1.53834535788925
"v8vOaaWq",-0.465744667845139,-0.25359281681548,-1.02207939425244,0.0947802889482744,-0.0875746222432194
"vAYKtoil",-0.579942875887674,0.0804801617702439,-0.372032360882598,-0.487970999300047,-0.449587243418601
"vGTNQa6G",2.23115103841727,-0.0357805861328983,1.45895596160429,0.748581265861751,-0.39608189069996
"vQzNxHoL",-0.489394085926298,0.0140866807267323,-0.120397621523271,-0.629212689598837,-0.794034161901362
"vfZGBUJm",-0.277206858903344,-0.143036147577576,0.775507652740181,-0.140474234920885,-0.495392806620178
"vlooVUoT",-0.195107987867124,-0.0440302565378912,-1.3380031829712,0.857792674771075,-0.905163181814347
"vrACvd4O",-0.396202459928055,-0.184161244373604,0.275147178748023,-0.198309599024357,-0.41995762428905
"w8hdjLwb",-0.358906292767304,-0.00995417510469023,0.0277994693845984,-0.427983002617886,1.15934997948876
"wAntv4gH",0.077447201907939,0.606386110533949,1.83384438361311,-0.60014913914099,0.709507084751423
"wIUL09q0",-0.413849913072406,-0.305551891248265,-1.65100745029484,-0.77554085558123,0.106180134572634
"wOzx7Fgz",-0.464997393311831,-0.830642659373165,0.262568189074008,-0.444657112551805,0.173618515835534
"wPhjhCJQ",-0.369916625900879,-0.065129681358277,-0.670681845384275,-0.603802377776471,1.04604096159127
"wQSWWmYB",-0.427703216928259,-0.211275742692451,-0.623213315508881,-0.438131423460252,0.846721106201793
"wdIMrXwy",1.96984987897289,0.0185378870215273,2.78611013427268,-1.17233644017265,-0.498957700967764
"wiL9npQc",-0.35987433068651,-0.217181982492726,-0.881691814907751,-0.655928654429781,0.712628618880044
"wnU95Cxn",2.04849702178049,-0.0179995141272759,2.48745298712973,-0.600485157299522,-1.42832167294481
"wpJbbjJs",0.0024178685786398,0.482130508869553,0.697932187317271,-0.330785228599981,-0.164339905377449
"wsOWTAbI",0.806091365180478,0.180939299623598,1.6315924638434,0.783861766455595,-0.778213488608616
"wtdBcU3U",-0.399080421410092,-0.159270452274978,-0.334414807239176,-1.08423746615631,0.0246889538446598
"wuKXVxOc",-0.417364866505711,-0.0769921681751027,-1.03771786830436,-0.376394268218039,0.831230249199323
"wyzadAt8",-0.269695745820982,0.0687028291211933,-0.385188830183299,-0.671536517423984,1.31534243459661
"wzaKzYwi",-0.0851208382933042,-0.308225813403892,1.34034112374517,-0.720553302480375,0.872469109270639
"x6GCk4EV",-0.225101372276997,0.00466506015713786,-0.122640168449447,-0.42795619188116,0.472068845704605
"x6lUi3vf",0.196483517497906,-0.150764571521654,0.617152565494737,0.411072252820352,-1.08968347334298
"x8mwDHv9",-0.367566229325347,-0.576154559286514,0.518943105244602,-0.249115516501472,0.00305949111130475
"xIYm6puH",0.645836591088625,0.93990083537735,-0.156712566874469,0.775675880312308,-1.35896424456147
"xO6UdpsK",0.636476986695435,0.204382771491173,0.388101678976979,-0.136528295902935,-1.32002569319769
"xQ2bkOvj",-0.398392833860021,-0.333722005821775,-0.774882326639077,0.224522832723094,-0.716426652313849
"xeXyDCEQ",3.20748841958764,-0.15179557752383,1.79210952720482,1.24732644563358,-1.18292596283142
"xrggHziO",-0.17325313323819,-0.056359434479908,0.359091034830694,-0.482500949911254,0.107098119472092
"y1WMCmqQ",-0.33843261817211,-0.325929293452139,-0.695479008042423,-0.43318251805384,-0.0589052443774764
"yDngezhM",-0.242430208847941,-0.297413937162269,-0.893866721045227,-0.754918798304301,-0.451661832846015
"yLiFjMD0",-0.204146227067903,-0.327721584826347,0.0644672911541601,-0.25801249371977,1.1657575172511
"ySwEBO7w",-0.664724803148261,-0.103707769864952,-0.333659429419793,-0.300679103207458,-0.946490259426164
"ydC9UsSm",-0.415855961375006,-0.220616696337896,-1.31585063901272,0.716475556177372,-0.308318058077312
"ydEG4VBd",-0.449531137814451,-0.0634440950055703,-1.06510931308637,-0.296604912719153,0.921583091309672
"yf76yWXc",-0.214346666762604,0.939802703864201,1.23419270872744,-0.563776983072351,-0.211558357576395
"yg70e63n",-0.395345171047238,-0.0389633532325631,-0.64818116828058,-0.554871123130262,-0.187704133501211
"ywxtlSKv",-0.50190628733733,-0.385563993413887,-0.0248767147650843,-0.638796949548786,0.0485340908176665
"yzKPQPOR",-0.435806405946634,-0.144413687323394,-0.601117957633797,-0.151638780058909,-0.614957666836689
"z5cnOnZ1",-0.368385270243408,-0.305697316840803,0.16088642712383,-0.329184671669015,-0.600973961768302
"zFLkOE0e",0.298075988967562,-0.13085884377394,0.178757521804407,0.73469816473401,-0.873903180235815
"zGi72mxL",-0.638574222203466,-0.20413210868407,0.0937357982087338,-0.137461967384127,-0.463787682272413
"zN925UV3",-0.287776133775512,0.0201835411842935,-0.970965111606058,0.711894240439549,-0.581675043937815
"zTy2ih7e",-0.499117661022961,0.119322382248066,-0.986192114181374,-0.566645156869899,0.900621414604005
"zVFzAutw",-0.206897391642157,-0.925968296128279,-0.193471514752504,-0.797374058393859,1.25041010884019
"zYxNAkht",-0.381232421474525,-0.468613383955081,-1.12732306269914,-0.66219868298942,0.665960247396834
"zaWDBai3",-0.592280069610257,0.731501646236926,-0.436549823881724,-0.343854658259605,1.80790565937721
"zg3u0Zsx",-0.198224699739704,-0.071182991495233,-0.129312172425763,-0.374595095571926,0.0350594514151845
"zlwLfdsS",-0.405769010647658,-0.556576312846717,-0.613454106219704,1.6097567004197,-0.790046377148016
"zmbKzVfl",-0.546197296089879,0.0353660599164658,-1.68728239711416,0.0393470832880615,0.375150315468621
