"PIDN","Ca","P","pH","SOC","Sand"
"09gt9UK5",-0.588668578293734,-0.26130914389596,-1.34861216000288,-0.758265515609751,1.43226342963813
"0BVvxJ6a",0.349234791986893,-0.109680992892597,0.732195198197012,0.305537823530567,-1.48874080880372
"0KbdgApg",-0.0727038996680709,-0.257432128649938,-0.177397111351507,0.0974742015623985,-0.813762234312312
"0MnuuduB",-0.390580475124531,-0.127998871629397,-0.184839566530064,0.549386483487954,-0.661621358836925
"0PcIsF9z",-0.480401493575574,-0.31365100653857,-1.41664247984347,0.130227125068893,-0.376802582941054
"0ShTFLYJ",-0.482645512120825,-0.416374917154458,-1.11109887180011,-0.709729862246236,0.0314417235767104
"0XZh9jka",-0.821711187526367,-0.359735501491671,-1.16226011066959,0.71672996624163,-1.06566105331247
"0Y7Wegri",-0.229783129627644,0.202172446302399,0.281133189406517,-0.200478515420083,0.409093410814201
"0dTqplIM",0.0282070079060821,-0.326833358581101,0.942093335529934,-0.376098177038154,-0.833190430933867
"0lNiZicC",-0.365678301303927,-0.401301102852201,-1.25409127021796,-0.550186825853237,-0.0699936473877845
"0rGeJ0QN",-0.281603619002333,-0.104103083078427,-0.403006812135517,0.089560206752239,-0.313742152956845
"0sXI9ytQ",-0.347322649413005,-0.307163319929262,-0.457434929285612,-0.77411771018486,1.60571401204394
"0ukt4aP6",0.46773947486139,-0.132370499018942,1.16071402156653,-0.58877583038567,-0.0895707606837233
"1AGspb8f",-0.34386986500783,-0.396846349897128,-0.916308733309484,0.199721630196104,-1.55397836186984
"1Csy0gvE",-0.415801922195674,-0.231819130379443,0.00640075483512662,-0.604277359667711,0.752150535012101
"1Ic2hly1",-0.387991244537256,0.191462855631753,-0.496161161051895,-0.136357336204873,0.202882158136756
"1PPbaTwt",-0.305092984670246,-0.262816824596641,-0.52295032665064,-0.607158287072053,0.886559972848141
"1SO5VJNy",-0.324693157319494,-0.0169909373709362,0.245327806925721,-0.438880040019927,0.67614476406862
"1arHxK3Y",0.988064621721256,0.5920161451051,1.67469136067045,0.217056648092749,-0.4163660424642
"1fCW4Bba",-0.298845928861331,-0.279894373578542,-0.202418187462171,-0.568700618164798,0.742207273873118
"1qDZNvIm",-0.4054384170181,-0.279709630093047,-0.441992198423602,-0.830279921943369,1.24585749703206
"28LYJC2V",-0.372839170195282,-0.219491934374774,-1.14171957779069,0.613634152298381,-0.74334365197154
"2CzACvQq",0.481786648807005,0.184102411621537,1.79123534135366,-0.221251987530049,-0.500263729117697
"2FT3crfv",-0.437712752893411,-0.308596901076079,0.229687239435474,-0.490002066685432,-0.54909618057437
"2Fy2uHVg",-0.580705692614095,-0.20343918548153,-0.328872214860269,-0.50369578652767,-0.42278105118282
"2MkMEApm",-0.501510715243101,-0.0736350560925842,-0.0761653007425766,-0.495468149661709,1.00600720155715
"2NDGWEOe",0.633601899167594,1.62351889070149,1.85106730059093,-0.711000412342406,-0.724729305802116
"2NyyCiqn",-0.278890589630742,-0.0573017060284483,-0.0514469582995532,-0.408317003814083,0.600687449319871
"2QRzIb84",0.314478739075268,1.34836700423811,2.22974162252175,-0.411938407479248,0.319146647562806
"2QcbdrUZ",-0.333205233964847,-0.293460567807596,0.35135411158731,-0.567735992696475,0.682714254272657
"2YgAimWK",-0.371880690630842,-0.0885264021826117,0.221235621923509,-0.579448037930155,1.07580337085814
"2cx85d9H",0.117194320688364,-0.376896832672462,0.131302928221701,0.24212605999064,-1.00058449428865
"2homMXMV",-0.42582926074551,-0.0454197330451097,-1.18805779605571,-0.114911468103935,0.17672709053168
"2ldLrUtq",-0.422633274993618,-0.356460645633944,0.317612007456065,-0.236738263566422,-0.135828044423078
"2nsACW6G",-0.0937473218363729,-0.415813353073904,-0.252184642062128,0.685391031947811,-0.796797591638308
"2yMbVnWc",-0.370573302962506,-0.108275768038007,-1.46010508894806,1.41789402264298,0.949059248355797
"36r8sgGQ",-0.393596901131729,-0.30536395496075,-0.112277309309079,-0.630250618842977,0.605233565589988
"3NXAXCl3",-0.430311795539465,-0.395331989417427,-1.11573075626179,0.445781899772357,-1.01250617194369
"3QG0z6fl",-0.43804088738755,-0.319531559750528,-1.2507062772758,-0.49343533063347,0.878233927299312
"3WS8R9qm",-0.271573072632923,-0.386120088198833,-0.480797775692935,2.28833760692934,-0.692575787278163
"3fRLm8f5",-0.363846496382655,-0.191484150089771,-0.407862660170631,-0.168368454146794,0.165644998740935
"3mZhp1nQ",-0.656164983336156,-0.356512273514779,-0.146360761732974,-0.732116449534195,0.937222314342417
"3pikJXRL",-0.322813494464546,-0.395109930796096,-1.10767835371905,0.384161936353439,-0.625654522374246
"3pxOEGHL",-0.37320639350181,-0.308420202057204,-0.528785149306635,-0.68161338171693,0.6374150870214
"3ttdV3f5",0.0972859290823114,-0.269888467414846,-0.50883525448683,-0.427061370063178,-0.0363331238322522
"3v4X6Mfe",0.712639797312093,0.126316025738078,1.82524651770912,-0.504523716978937,0.0847118733067002
"3wORuPiv",-0.597611857726054,-0.317149030381203,-0.209653009240487,-0.500460577805546,-0.845357213826645
"43EfrxZj",0.00565828817439547,-0.213056083317533,-0.108758565830705,0.130668330834594,-0.566289618523479
"457Vwm21",-0.178868905979609,0.266110862064819,0.293309175798943,0.432132469782766,-0.378517464983029
"46KNnOdx",-0.500836659028229,-0.0848994620890042,-1.04505761097938,-0.138757334501377,-0.183475751368759
"47TwNsVC",-0.4354739352476,-0.402908260861208,-1.09666231700804,1.22480978595133,-0.66684057280564
"49856RpO",-0.386866020065786,-0.38463974630689,-0.660254213088701,-0.431838858114773,-0.700144693852259
"4Ane1o2N",-0.427950407872934,-0.375553925072498,0.0322778918350146,-0.391723634897018,-0.0897555280713888
"4AyVUgSc",-0.358505757452659,-0.390383489379747,-1.17892236078327,-0.753047165000012,-0.244901575573626
"4B1951On",-0.0919322867301112,-0.17868157841146,0.0319351608924036,-0.171601258891142,0.350915416958806
"4OL39Teo",-0.0157353856364611,0.0509820061828513,-0.0704730747143726,0.206257951024309,-0.311735371631256
"4eQ90eLY",-0.0576033174477815,-0.082741249629842,0.134847206328006,0.322464794046134,-0.214568352552643
"4o5jwMj8",-0.286786697704867,-0.31282150244582,-0.584665616436682,-0.686425588904779,0.266437877084946
"4vPgpl2c",-0.541238666415683,-0.374281034710969,-0.176154545908886,-0.672808441754732,0.502633499548635
"51r9aA0d",-0.295397539178741,-0.408140559758815,-0.422763311144355,-1.12880622911002,-0.237583828585187
"58SmeRoP",-0.033893567839262,-0.216668547044183,0.40950597447935,-0.131556465201229,-0.229997863575381
"5HJp1AXn",-0.247481141066122,-0.128063763497293,-0.72103388830207,0.630557402650884,-0.358567609040807
"5MBZW7fx",-0.154838316619446,-0.195240459175015,0.963859087798696,-0.66089325837314,-0.206849693544551
"5Nq3gHaP",0.206800454770024,0.762202063662692,0.0333855392057646,0.622038782832097,-0.188096886112382
"5RmwFFK3",0.525307822623681,-0.14860630031699,-0.0603912745000166,0.0337902311813977,-1.46087078987628
"5Tu5Jbov",-0.606676706429824,0.13213549814203,-0.0187514285058815,-0.21862789203538,-0.38559809806466
"5YEolkev",-0.299714184838873,-0.395355642674878,0.240977915298278,-0.427122084296946,-0.442525327353686
"5a8sf6QV",-0.02083915633011,-0.278668039226125,0.35952650434442,0.0964346627670009,-0.685960471251682
"5eSvmqYm",-0.403313816802379,-0.377580002157053,0.733960483067451,-0.689731590056246,-0.131500150951491
"5hkN8fiv",-0.439986544626445,-0.337102267610003,-1.47924222487587,0.962607673506802,-0.774569683764154
"5oK8Gti5",-0.573878918826405,-0.10641783642751,-0.646437395119735,-0.645811973386305,1.57699022390784
"5paniGaU",-0.372171850924261,-0.140203862601549,-1.04311187956906,-0.783386345244347,1.16453714705443
"5vsr7ZUP",0.699425654651747,-0.303701868165965,1.10636535652049,-0.19538085999261,-1.17930811587475
"60B4xMWI",-0.260695601373061,0.350912478611722,0.929940917518552,-0.69367201282293,0.783688108886162
"64jOUtKy",0.252298563255082,0.0165228775801315,-0.00492228497353384,1.91279574245931,-0.87654238356864
"6AJo4xNG",-0.454145908942269,0.0665073676662029,-0.550495573020319,-0.0838583352737613,0.197880300087035
"6CAvhEte",-0.387028935380798,-0.162591989492347,-0.534275533589919,-0.402414382112009,0.798285436339267
"6CuGYjT5",3.07257813936882,-0.330160675749202,1.50271137851466,0.831315257558367,-1.46049232979226
"6DGH8ujZ",-0.46521205995978,-0.289888851357327,-1.41280636306933,0.204166157112431,-0.597907266012727
"6PzsGdVm",-0.373331634814537,-0.225017946740147,-0.874210759810562,0.363522161041397,-0.484413892747512
"6UcSJMbq",-0.452033767430167,-0.0293909967788963,1.15983172014791,-1.18657189375279,0.563135051927405
"6WJbkH8U",1.25807592334244,-0.364278114763414,1.97350839558412,-0.252901314031295,-1.24720663544219
"6eUWsVzw",0.347937282006019,-0.344518573623451,0.949333709545883,-0.192878325920543,-0.686085460610674
"6gNyO7Do",0.116113818692956,-0.237412912585797,-0.0161965893127884,0.466330564251834,-1.08034630723408
"6jT0AyHe",0.101479858219544,-0.322621776757776,0.863731788444036,-0.0178046678595925,-1.20011522601242
"6nBgCvWu",-0.412774432610491,-0.249178565542505,-0.602371731225305,-0.555629925674813,1.16100676718901
"6ro5mqg6",-0.194184696702434,-0.278835238706339,0.247900696107945,-0.454240920715562,0.747176691099601
"6sGqObX4",-0.676972700421508,-0.330301643659224,-0.277795733060799,-0.477542842404975,-0.721471008025279
"6uEGy0n4",2.19834309546725,-0.129318463083309,2.13518608138153,-0.38387551303635,-1.02919597324926
"7BZ4LxP8",-0.107253392573876,-0.398967637348828,0.4410963996168,-0.574168274831325,-0.507024809382612
"7CmigXKi",-0.333860443567131,-0.24102407250546,-0.989678856709743,-0.546636903325098,0.562121316727483
"7Ga0LpfR",1.06458586043406,6.85873344068133,-0.136113212000937,2.93313820355328,-0.805120988716646
"7PQsFvsG",-0.427548820841382,-0.24978316406313,-1.93087987341326,1.15073471110119,-0.611261529889111
"7aF7nnwn",-0.425944551670201,-0.402213031993519,-1.30669628251618,-0.80183686646116,0.935597245882064
"7asGzfX9",-0.325670740351487,-0.367246960710871,-0.311014010746309,-0.678474118660272,-0.178456949581576
"7cg7C92o",-0.12728967391901,0.167442520749201,0.172654268404618,0.491820191154572,0.343997345260758
"7eOxTpsB",-0.212416694968452,-0.0755573885906575,0.327455857261773,-0.487114800353667,0.88896340591857
"7ey0v7ma",-0.472938526526625,-0.406391779461704,-0.768030302863714,0.182370877253775,-1.11820241104718
"7gocyrYl",-0.228923955415118,-0.154940268577891,-0.38296515827008,0.579808645397485,-0.361457651311729
"7gqR3GoA",-0.294452088049057,-0.378306780470892,-0.370495663133975,-0.359283973190661,-0.64346111583863
"7og7aUXB",-0.23125349580828,-0.28406626981483,0.714361876797508,-0.415399433681663,-0.159649401917719
"7onRfa8F",-0.042594931415623,0.0292162691488004,0.60473993174242,-0.377798233069508,0.936102620877099
"7umkNuxM",-0.0895570990692822,-0.290689405023585,0.0910793495180086,0.496149454884804,-0.729298511854042
"7vPr9ExD",0.207587564344394,-0.229889877788115,0.156010762222322,0.118822294810988,-0.899364425241036
"7zNjpCzu",-0.509971323172671,-0.297335240104071,-0.176568575530737,-0.151959294127172,-0.792123846154805
"7ztsQNj3",-0.575309464564551,-0.220063711377673,-0.357056428134889,-0.169350486105449,-0.503311104372087
"86gppwMI",-0.400717463624579,-0.0972000582036043,-0.898727056862436,-0.38654149976264,0.945220310799396
"88thAGdL",-0.133411421501272,-0.272618807815033,-0.697474383144213,-0.243859956832023,-0.173764687742348
"8GhU8STP",1.33324555743647,0.0960304780058733,1.62226423590767,0.326204558829541,-1.09141064016551
"8NlzDcWe",-0.227935300074291,-0.390886917133984,-1.56169510395234,-0.765664664215243,-0.0560888169831024
"8QAejdLW",-0.056243095221083,-0.228248087828278,-0.2947600941864,0.129354126857681,-0.995957213881425
"8RDeFxWM",-0.336231866294249,-0.282975028426398,-0.0620813335709411,-0.690755269291162,0.938207402714465
"8UXP2NBS",-0.533780782184027,-0.385917385721727,-0.582508781176283,-0.390810490829477,0.322208934533778
"8ZoV3KGT",-0.300155782743123,-0.366143739095656,0.133841399069085,-0.505942198315944,-0.186873839062115
"8ajs2uG8",-0.44802468628032,-0.361655156026646,-0.64051016280555,-0.411408728721738,-0.641861980341683
"8bXnz62p",-0.314586994251604,-0.137388922579651,0.0320696858755299,-0.0182221182911791,0.771734715791927
"8nO1O1LG",2.11110310210114,0.802397880543314,1.47188467374919,1.47910913096233,-0.774368604687705
"8xE1p8g8",-0.3861083296664,0.0663326403146227,-0.331913155582596,-0.295610380625372,-0.360437116143311
"8yMDVMRM",-0.436397820624653,-0.386275116178923,-1.14391532195705,-0.436824599023977,-0.554894508984858
"98R5VaPi",0.331149858875228,0.469603287744011,2.26879415063235,-0.833967605004879,1.14163828260102
"9DcTz2Ua",2.8556080162514,-0.347429300527674,2.19458200762194,0.881779796301785,-1.05141199300973
"9G7nfUrK",-0.263119969978072,-0.404514125368889,-0.279374622332312,-1.00016742624548,1.13560866608353
"9O6GZ1HT",-0.200250857751763,0.0446879629073634,1.2723304010565,-0.606082864800831,-0.298232205555095
"9S7fCoAM",-0.296265955599037,-0.306654799497635,-0.116139491428036,-0.4832909501682,0.755480460462999
"9iQwmFJR",-0.37571480673234,-0.307540933933302,-0.309650481453627,-0.554705141752234,0.555641241180894
"A3Mt6SAQ",1.05241690348636,0.367871510688686,2.49353456344692,-0.969956111286671,0.503438786563933
"AJIsQIcV",-0.364931515737692,-0.194400291320386,-0.780035786508819,-0.351215498590754,0.767467443050447
"AMHKXMh8",1.98962185758758,0.737751003704175,1.78773121191298,-0.375250626046156,-1.09101450461335
"ASwA2J4E",-0.27782294629501,-0.0388012215892238,0.26384857954419,-0.415073501427514,0.499123790843037
"AaFvEoHq",-0.171966203740334,-0.0870610186493867,0.129858067934625,-0.759049369486154,1.2830604734536
"AiIPD6hX",-0.112846678125248,-0.223443276653071,-0.313364502612924,0.259852498107762,-0.377389268281263
"AsIURvJS",-0.41144313742817,-0.317913162906842,-0.444661871990039,0.937646580451407,-0.44725858499894
"AsvgbJ0C",-0.26752777753954,-0.0353088559271609,-0.649644225685775,0.687217370838241,-0.366522984159142
"AxEhbkCM",-0.197255596012867,-0.376482326379811,-0.352694212823338,-0.396971978415771,-0.400457282891834
"B7VPkIpx",-0.682327890738633,-0.197543345852536,0.428348924485818,-0.922684881547721,0.640881079168598
"BBwHqHiH",-0.0500148657287607,-0.377446035068514,0.0676778485044831,-0.0711843051868759,-0.617527572767978
"BMyps8hr",-0.241311071325423,-0.370524291063034,-0.422665002842863,-0.343138491865415,-0.571906538616607
"BUHS4dQw",0.235962768020823,-0.00225719301567195,0.224198553318441,3.07549097601698,-0.943988822411005
"BZB3EYWQ",-0.294531509484063,-0.017084851770979,0.0496146209898099,-0.390643452864995,0.742395233688916
"C5UPCZcL",4.51833814215502,-0.290426908731309,2.05237272068956,1.02114281665141,-1.19410031638936
"C5gIfQbJ",-0.339100249356782,-0.410920312804852,-0.612007134416183,0.801509611579649,-0.971065779562062
"CDRuu4Pn",-0.37070937791939,-0.357851551827678,-0.314834906530409,-0.737582746289171,0.759794606704071
"CQhTYkqE",0.559395419559312,-0.159007649696504,0.40569427619718,0.554093979005764,-1.66849741298659
"CSEobMXv",-0.339946939396895,-0.348800454057173,-0.326043428315224,0.507788831196459,-0.617947656726023
"CYMQE4x0",0.116992359196582,0.255059112836302,0.98799459304728,-0.33674910128388,0.624009031132237
"ChQdtl4J",-0.574168608560915,-0.365724745399397,0.286302775854228,-0.691114411220548,0.617659465934345
"ChnD1nrN",-0.284077748981377,-0.403665707210553,-1.10559144204644,-0.75260235019462,-0.411070057772973
"CvtbbIcq",0.799987909869026,0.0344368522672248,1.66979560490369,-0.205861304330255,-0.167391075780116
"Cxk06b77",-0.190325746867441,-0.0296678858325323,0.448023164466017,-0.271297505348324,0.270615514328748
"D3QD3ZEJ",-0.152763288340558,-0.271588899773306,0.386091272141489,0.207896244657427,-0.0902251110731461
"D8J5C6lA",0.729784398346969,0.286247940554476,1.04200894497479,-0.142865246984698,-1.13314254732066
"DCeQwYfT",-0.142777056594231,-0.228358854749222,-0.117037525291121,0.108976501840523,-1.00638319142314
"DDEftkx3",-0.421024991843851,-0.148408407272013,-0.953701956201203,-0.661849477748947,0.907000944856948
"DEwCfeDW",-0.517749408073675,-0.152462594924502,-0.426887911075283,-0.225749393240179,0.8450127732866
"DMkIV4oL",-0.430526928167814,-0.3343679486965,-0.695069045652053,-0.637473316808793,0.399767684051854
"DnzGfbxS",-0.17739490257867,-0.282981375573209,0.15990587001289,-0.00337669760760455,-0.783699708890983
"DoZxo6f6",-0.416972807202027,-0.317247166770872,0.0453396528701183,-0.692756084022623,0.832504395607908
"DvhBPGIk",-0.38805572978916,-0.376272770603958,-0.293793987616248,-0.189710596034088,-0.377338964722592
"Dx7GoUcT",-0.446787800901245,-0.300678491953785,-0.676688673180917,-0.669232806520667,1.30246725199171
"E5hIjohO",0.509087051065302,-0.313411892198297,0.29241043112268,1.15829228187754,-1.5845363173671
"E6x4XGHt",-0.558301499386557,-0.151221270722768,-0.564019168281255,-0.547532667143497,1.3263911877314
"EDEpAzh1",-0.350544568691917,-0.319234439602502,-0.33432543126547,-0.335094898791281,-0.758519490698581
"ETGudkQt",-0.323126163536479,-0.219518081218424,0.250213402325696,-0.631112358460357,0.850778576850906
"EUleKrLJ",2.16097968101543,-0.261976950845899,1.92475228484801,0.73768301290053,-0.807925858288291
"Ehw2Jz6s",-0.417030779013468,-0.286286504012542,-0.51536599376175,-0.51619675203679,0.0534928524622533
"EjqzC4zH",-0.63812216932263,-0.2401629200632,-0.199782439744131,-0.698926678203841,0.621387607353283
"EkMZO3Qj",-0.626780321952139,-0.23319855841703,-0.141556672743443,-0.649655984390635,0.624043132142221
"EnoNXWvU",-0.465012771434894,-0.136773654924491,1.269111386337,-1.25583915927469,0.370586052158586
"Epv8ANwr",-0.226638163183585,-0.19907964030912,-0.015343187488097,0.57391877757068,-0.525278887279521
"Etro9j0B",-0.00584214484855843,0.303853648190793,0.144192933386557,-0.00508585456688165,0.159544942274183
"F3MIZj76",-0.238909497253852,-0.370329839279072,-0.334717642865747,-0.131517760357716,-1.05901155085713
"FB8tU00K",-0.37006733488647,-0.218911962321734,-1.2629856074484,0.498235159178927,-0.652520136750763
"FLhxBGMK",0.254218533651327,-0.252767636292673,-0.185768931688376,0.490445938764335,-0.618443411463662
"FRreR8ka",-0.592371103731137,-0.251149559276259,-0.00254935609184126,-0.516886019026693,0.460802865499274
"FXne4oAV",0.507319968029538,0.110903849833669,1.26059071957614,-0.505988383780781,-0.557000049447157
"FaW764jk",-0.270796543885634,-0.0733327232304993,0.455211017218594,-0.435848222877176,0.522332655950524
"FeAbMXly",-0.463750745195904,-0.331983947855748,-1.1617452115342,-0.663454751463879,0.682638898788502
"FeudaFXn",2.12745849010368,-0.197317467447105,2.14530576063569,-0.45355219043512,-1.30814287726201
"FldUmFeM",1.17991869290218,-0.253947613056741,2.03319069534887,-0.972339639893358,0.419591293314575
"Fnv5tfAm",-0.751808707530369,0.0147617032050321,-0.290955216444592,-0.190464291160586,-0.592891804540357
"FvrAd3Or",-0.404785138540761,-0.234116419434632,0.806363786337842,-0.747206286160588,1.08086471438286
"G48zHffi",0.0709914554157043,0.0476013410220825,2.09106691063005,-0.577723282954245,1.06792536806576
"G76zCv5N",-0.415824972436928,-0.362832792896271,0.235572466623644,-0.42129053220104,0.162806817437898
"G7JGUdNf",0.229263404194481,-0.402684463842386,0.222474883604088,0.0558105465069006,-0.578762361183918
"GCo6MONx",0.946200890552822,-0.320863253055668,1.57657216421116,0.54481002628534,-1.13863580711107
"GE0vbpVQ",-0.350146993710938,-0.23457159389336,0.0343179893408502,-0.468378166826674,0.901832472822851
"GN0DfOqt",-0.245309248161028,-0.404245324409548,-0.295544891927699,-0.832279144578449,0.786171750597226
"GNsTAb1v",-0.532638831037537,-0.204346724752857,-0.137680044166409,-0.192834770864835,-0.660016623427306
"GPwmO21z",-0.317612257065693,-0.312388431728939,-0.207771346556028,0.226450651389832,-0.683303097122448
"GQYpfLoh",0.558814131290979,-0.187792740401832,-0.332047620357667,0.371972304887669,-1.21651228784238
"GR9knT8n",-0.481268285297085,-0.293280502948505,-1.83146924267009,0.885973270999036,-0.664572280294509
"GXtFFbZy",0.0857460869321205,0.0440631351815777,0.787591941233453,-0.121352049501317,0.0380991018253086
"GYvzvvFD",-0.550947984086804,-0.198076111923233,-1.15592911567657,-0.392863049821213,0.430490372327025
"GemPjTJ9",-0.362070915868364,-0.225689176522816,-1.59682318051443,0.287996520089415,-0.55758511459787
"GkLYRm1K",2.29924497831382,-0.135788200251794,2.16967462995039,-0.261482211805777,-1.60478194262358
"GmlqP8eI",-0.0430732687214564,-0.398447515512422,-0.867748546990879,-0.516078225938045,-0.618981080241146
"GqkIrOvf",-0.368129132413917,-0.124615153737336,-0.98090477619283,0.85026332912524,-0.71935009735036
"H0fsegPi",-0.575788383977088,-0.252657448912983,0.551674513027692,-0.627563010194319,0.754228637938158
"H4dHpJjU",2.31826307114361,-0.262286403015798,1.69805660010578,0.761344761929219,-0.892939226607727
"H5QwJCuU",1.97154050746672,5.56211578421078,2.21019406701219,0.0449814086107794,-0.662890384838602
"H5uwmSZ0",-0.434201039776872,-0.293943809555349,-0.801047591436559,-0.586629093439659,0.632899781599708
"H8MtbVoL",0.234783803910891,-0.325371279612482,-0.654799320445955,-0.218887673908998,-0.507103804936979
"H9JrUYnp",-0.532195313316104,-0.214480293100888,0.0535784616392859,-0.317180705742381,0.455251600523223
"HHYmmHVk",-0.379833016943296,-0.322690105012273,-0.544334121883896,-0.818741112298004,1.23810404872681
"HJ5U4uqL",-0.50745053421196,-0.327726983801338,-1.16919195116083,-0.588303544876022,-0.272796295491145
"HNQxYc4w",-0.204304037008252,-0.331104394071925,-0.206478528196784,-0.494609012274975,-0.228723007919691
"HQYhKHZ8",-0.418242237884468,-0.279515585646422,-0.423097391536091,-0.329010136938927,-0.297531739557382
"HSCMx0MC",-0.372402162599516,-0.221259891338119,-0.0254645002298601,-0.68361514417076,0.953668930141082
"HXYuE0fx",2.72271449848378,-0.287815987938011,1.76748927362378,0.262334783444396,-1.06400788665131
"HdKcxEWr",0.183348988069812,0.399375461673104,0.631593863825111,0.25271401399332,0.14771989280034
"HecW1iCC",-0.59046751572119,-0.355452681343513,-0.135188973855855,-0.421530650560169,-0.560502974716365
"HpbKB8rv",-0.3208457713696,-0.377326897199344,-1.61073256953902,0.977483050923284,-0.674247521073393
"HrkoYjCg",-0.00106701890953956,0.0361701622797251,0.0119949589785044,0.810946888774748,-1.20085300454613
"I5P2uquT",-0.270305568248194,-0.275968344324236,-0.214535328290768,-0.253502298356318,0.598867940899276
"I94qkDM7",-0.505626390948099,0.141205237720199,-1.34409923834391,-0.478686229638424,0.512071576368842
"I9sQbtt8",-0.318522620537482,-0.239573975623601,-1.4737989307795,2.05514542133147,-0.927439014238221
"IFxgw6ZX",-0.525670269762137,-0.356757461592396,-0.277272518999182,-0.382184315910104,-0.31185286632276
"IPPPSyoU",-0.545387674742731,-0.288206888817201,-1.11891687332414,-0.304613788540505,-1.05140913096368
"IQOYQubU",1.83411357345853,-0.25731609546359,1.60670411342343,0.110273589019633,-0.816379770955813
"IYNE2SxU",-0.652111089097466,-0.261869761463994,-0.184831692109317,-0.0664804544314285,-0.0985848383309223
"IZRFk9kN",-0.1530026014912,-0.327229440590296,0.17782765388726,-0.476926218262024,-0.244568198729533
"Iaq3v0t3",1.25571537567142,0.992525718299437,2.3651807066548,-0.9897945194593,0.214477722020616
"IbVwu1t6",-0.504803495769018,-0.323622202142732,-1.46331632712669,-0.171275725539141,-0.599039666283505
"IcHKTLyo",0.315565965608538,-0.309583938699412,-0.0617838663241744,0.0662057042594318,-0.964777860739952
"IpW80wVB",-0.290462800507673,-0.280003209234409,-0.531440405959536,-0.236816983907849,-0.462448282059726
"Itb0PYUV",2.06821087203464,-0.137716585584551,1.7351231510692,1.09329628352598,-0.766189721480218
"J8fpSwS0",-0.194145815414895,-0.134292678736316,0.618583412831237,-0.652487311125325,1.25403019839521
"JE1SlbD0",0.815027716006563,0.470506420882563,0.858423162177904,1.98661295562731,-1.18363270630805
"JEB4McNb",1.21320922479908,-0.335022389226516,1.81681674362518,-0.118349475894648,-1.33938498310488
"JEE4QVeQ",-0.336076460169814,-0.378940133773,0.269506573558917,-0.412193026995668,-0.518026959382885
"JJSEU2VQ",-0.394407728485639,-0.110990189069905,-0.872231582003135,-0.585997336213484,0.821531741814857
"JSsVriP2",-0.393662321286193,-0.365615695331165,1.36890657865553,-0.759327150346572,0.474235368328988
"JUvQNiOK",0.00578407601544762,0.238147106771327,0.204244896753612,-0.212978676348275,0.151938354037353
"JZbrRtm2",0.0173152863971574,-0.0531265750993937,1.82410927301744,-0.699828081933559,0.1436752269505
"JcE9G92B",-0.119451307351614,-0.00891027530235455,-0.130387633464042,0.287045768390812,-0.570531849501092
"JnNYpXHr",0.207289844160176,1.20171754446659,0.0423819718272343,1.6676601553319,-0.830323029231984
"JzpbnOtz",-0.305591081334881,0.302858141485318,-0.51631139359098,-0.55771959417248,1.25143043002056
"JzzUhPQp",2.29965065871416,0.467992658889616,2.31661935274959,-0.0910625370106897,-1.76316434518921
"K05R8dQK",-0.122577476035145,-0.319338687985448,-0.878541685246353,0.344063451775417,-1.06985566317849
"K17pG2mG",-0.370832767550543,-0.273751212982619,0.973246214045383,-0.848202942555629,1.03846014128943
"K8BellUe",-0.228876519032232,-0.416465599796221,0.370410689132568,-0.288278435650759,-1.1257221344928
"KJ2eH6rr",-0.117115937850559,-0.357034926657978,0.659411514058415,-0.544178939923301,-0.323151574713726
"KJEJ6Glk",0.673146892687098,0.086265158201947,0.72615301072529,1.34412274026871,-1.21759702466846
"KSbO0oXS",0.306985282306296,0.218895599622517,0.0772668043959099,2.57713889714729,-1.20221113514367
"KXtvmd01",-0.348017054217887,-0.315860774412127,-0.0466176597225776,-0.514110730866172,0.260940433291049
"KYiJqBuJ",0.0652553043016363,-0.396080151479787,0.769372837016284,-0.710320359743489,-0.311480121357542
"KmbAyTcE",-0.280535837260148,-0.375310102337118,0.162981032316954,-0.925753656489264,-0.045641354647207
"KnNyl3rV",-0.00535673386370601,0.131533113640039,1.17130108631302,-0.393445443673049,1.04848643559185
"Kp2DG8TZ",-0.483675343782548,-0.0291378391463922,0.340868193266072,-0.646949226398474,0.973680876656996
"KqQtKWs5",-0.451496045551768,-0.37494185690606,-1.26860902001704,-0.602176580977842,0.221637112118267
"Ku27g63R",2.46737120115121,-0.0620156202980557,1.93595959740091,-0.541100139220695,-1.04073625670216
"L2aTVqDq",-0.454453813013765,-0.361796706371107,-1.49479419097703,0.979536108073922,-0.685572196774058
"L5jvq6G4",-0.370128123183424,-0.375481614369186,-1.23751909161204,-0.703796535995957,0.673553422154665
"L91hYVQl",-0.314208128072588,-0.400879868487742,-1.2247002504097,-0.937322975871483,-0.194356542948589
"LINAMlbA",-0.464659957050051,-0.0767354230116237,-1.12988263083746,-0.0570968564401072,0.634570283152254
"LJoUNXSx",-0.476349710218863,-0.18613433951357,-1.71730436454607,0.161011920142591,-0.460640345697958
"LLtSiyWD",-0.410774110958529,-0.398295764519206,-0.0629843298386687,-0.5704543030752,-0.120749306982386
"LQJtV8kn",0.226212214387338,-0.344659938878368,0.204233552445792,-0.0531282546617958,-1.07077601709138
"LW9uddw7",-0.357208176447591,-0.37385180897621,-0.838599290629125,1.04730865095085,-1.26724900897467
"LZ6sdBTR",0.88131121125195,1.3877547639819,1.06457327651156,0.104255017674294,-0.660809477233719
"La2Vhnne",0.289460394089521,-0.083506993280817,-0.0609380413677318,1.46140382244104,-0.532317043862643
"LaUWSq9B",-0.208000631181796,-0.332317269983196,0.35832005497451,-0.280415841988743,-0.868235532032317
"Lk4SfkPQ",-0.835787537230097,-0.284669506111755,-0.51677920291758,-0.766818125133406,-0.720977763394458
"LllC836d",-0.262844010483998,-0.244319733267863,-0.540637886888117,0.28517838391332,-0.145867309627308
"LuGiGeWN",-0.456600258507472,-0.142883807552654,-1.21082866176282,-0.549907811522407,0.839988497587934
"LzcyHcWa",-0.398369368775825,-0.181900290328161,-0.678426769636757,-0.54027249043093,0.678934851878581
"M7veP0H4",-0.552621573190726,-0.169267226907795,-0.756032756427989,-0.417647700717824,0.844589905774522
"MB8aaJUc",-0.364330593555425,0.0856015327919108,-2.1055139869349,0.624925812578519,0.194294829055078
"MDpe2zuy",-0.349296758933627,-0.353809385830023,-0.776652378336734,-0.349097394154293,-0.735052293601307
"MEzdmEIU",-0.246112555594334,-0.229250327386025,0.135650439603484,-0.427236404939729,-0.203787364211642
"MVnhtivm",-0.360407857068985,-0.339028735236637,-0.328977035419813,-0.180739656459956,-0.326003782366594
"MYU7WDis",-0.402659586671064,-0.0438217542255595,0.379573743813919,-0.64850804741597,0.710229636255425
"MZFqh6yw",1.34796183860047,0.0956613678446804,2.48067236870427,-0.45939554583493,0.147257038807088
"Mdgy4SsO",0.74001602317443,0.0937757329349387,-0.680240096003807,2.13482281932226,-1.2478052700607
"Mj8awnzy",-0.319571960466842,-0.141632730761753,0.0667328129144298,-0.623031006377583,1.46676523372032
"MpFPbUJy",2.5869734976612,0.273312965458627,1.39438866088434,1.00696409477117,-0.92709543612594
"Mqk7MFBM",-0.475042366931784,-0.276444358298353,0.177394112479473,-0.643103285630549,0.633119473347244
"Mqs2t1Eo",-0.443595271517184,-0.182494163524628,-0.334023594528787,-0.14973616902366,-0.547487330436705
"Mv3jFVxp",-0.284095290573444,-0.192891657678947,0.390418902669272,-0.0816852682420971,0.0839875005571785
"MxODTXvA",0.291449033256018,-0.180998580133943,-0.268748656681183,0.610969707228214,-0.793342986062474
"N46PbpPM",-0.352743369861747,-0.252991944182218,0.312449419933651,-0.643654585787739,1.50531259887148
"N5S5F9Gk",-0.542438156339607,0.102387169908402,-1.44482922818479,-0.335894517627306,1.08791809698568
"NLDg5fqw",0.538283840233216,-0.282513773779356,0.808736220970157,-0.143051083936931,0.362538831722828
"NOho2ZiM",2.44062339798368,-0.331805405154019,2.00533719219618,0.295426974165036,-1.13098105531718
"NUuY7PFU",2.32389703629574,-0.0586515496557699,1.75660758719104,1.19847687521528,-1.26160569338733
"NV1e8AEO",-0.346046042781835,-0.113299530740203,-0.00765707431075944,-0.552497694693727,1.18920895863999
"NZLXROKC",0.0357545565742547,0.365060575007475,-0.155967868790718,0.750981076890624,-1.04446847925501
"NaJo7C6o",0.2593518527448,0.122363038629535,1.27174273228888,0.226970422915115,0.16872919607941
"NgsyGkrO",0.334922826188921,-0.285158363315836,1.17715591610447,0.436481247223637,-1.35268034973938
"NjOx4Zpo",-0.364655755682571,-0.339544183709938,-0.999598891491088,1.09619011571882,-1.34789636349027
"NmQoI7x0",1.82276419556834,1.19157037904786,1.9677328829445,-0.680623230014847,-0.11484868801552
"No4wkdLS",-0.50914409352315,-0.399988129284258,-1.43406317773636,-0.691987491476826,-0.261109387270962
"NouMwhOf",-0.31115589373768,-0.333576843237472,0.853199888274883,-0.533048790146236,-0.372430208354333
"O6YAWd8C",0.0304291274374137,-0.380846888643798,0.130768200955977,-0.303013972194867,-0.850294734860278
"OAXVphSh",1.19298246266303,-0.01082039463319,1.50786175071248,-0.224238507008539,0.15002534776185
"OJBBhb6Q",-0.409252383870057,-0.385467127607386,-0.954910553665789,-0.742174394626431,1.45758853740323
"OSIQXImL",0.468808244280515,-0.351720181850846,0.719626163579253,0.293285973864337,-1.6532094804561
"OUUFc5Zz",-0.444909517767168,-0.28567026255171,0.0407969802146618,-0.711372165501588,0.988672698593129
"OVk1lquT",-0.0352532175205125,0.417633959449316,0.221241883820312,1.45701035254746,0.199023198099351
"OXdRxjzz",-0.388724677831927,-0.343754270182644,-1.10194200672967,0.140423732293816,-0.713401768709118
"OXxW2ekf",-0.324105739745931,-0.411540948975821,-0.282001877513381,-0.662332269635958,0.107366417784635
"OXz5OpqR",-0.228068986842124,0.473824345311483,0.835088484130189,-0.548877371252005,0.370743104123313
"OcBFW1AX",-0.429323705579306,-0.0184991744592986,-1.59046480687704,-0.242930259805884,0.923925854064772
"Of9V2rpt",-0.163395253337675,-0.0785065172084075,-0.0349873024498966,-0.0821749181223158,-0.460457852059208
"OfLxPhbG",-0.222844449269299,-0.0451426305010041,0.0155934489274594,0.0256709685117195,0.870171084145727
"Ojx2vi48",-0.471108027752975,-0.382707905904038,-1.54133768348863,-0.6344111319775,0.190278568501805
"P3M32iuT",-0.62089346563521,-0.394583416618015,-0.957257989755956,-0.77780283247935,0.0937540729952232
"P7olVzrO",-0.498755424331225,-0.0697019814554151,-0.167798035162544,-0.494714704732779,0.236061848991733
"PAPHErnv",-0.549221195877218,-0.230163139847187,-0.955510374335388,-0.0348290669204598,-0.627349178669876
"PBjEtfXb",-0.15753514501887,0.117482123352195,-0.169044268850426,-0.350423953039283,0.33863020744347
"PZGpoBBj",2.01189568940285,-0.193986571778942,2.2805736956937,-0.482273759768079,-1.12499720714655
"Pc2RrxXS",-0.466430411371957,-0.387494426798315,0.199683286029514,-0.441397764748036,-0.165912278492259
"PcHQ4FOu",-0.268570318987456,0.255985329849354,-0.448862332589496,-0.167405707838445,-0.0863449725632752
"PeNyTOVN",-0.203548464900994,-0.233533090073016,-0.287637323379477,-0.421005392184068,0.208607954500064
"PhUPSU53",-0.357355310313527,-0.238906879505088,-0.224816637156939,-0.303056891571415,-0.155394109150722
"PmUNeV2O",-0.423476524395027,-0.406988459852178,-1.70864682057365,-0.49433818148892,-0.661876793938001
"PoDJ0uvK",1.24498771343546,1.22436631162811,1.96891016606389,-0.837350044448394,-0.611174112569364
"PsUJdJdg",-0.0206618971998153,-0.146502754476277,-0.180099821044955,0.391226627093632,-0.385278296897071
"Q3xLFx1f",-0.433047810274294,-0.377364652121508,-0.806117663271243,-0.299704669930655,-0.371338437152404
"QBGxCvdM",-0.131777915840065,-0.360946384434559,0.146943990726814,-0.171993753248719,-0.693212684888968
"QCEPyu6L",-0.454766970910492,-0.336668853854596,-1.17851747603462,0.0939534318884651,-0.942122894397043
"QEfwec4s",3.10869420141974,-0.209807072517831,1.73805694000098,1.36212730233008,-0.709026257576056
"QZ87Nnr3",-0.57167010233111,-0.31940568330989,-0.457034493703438,-0.799986592022093,1.11064815810241
"QlyGN9jv",-0.320595411135851,-0.316487028187921,-0.37890245255206,-0.293608053044024,-0.046340583704438
"QqgWE1ny",-0.566147937704749,0.193082512122133,0.0406169111617744,0.131413776826829,-0.726351805803724
"QrjjBpZd",-0.336727576889635,-0.33155001479362,-1.1410574314925,1.08387710911441,-0.539537891238962
"QsaBiX7V",-0.422531996121059,-0.148272711027486,0.465273007773268,0.060740350466461,-0.241538093537541
"QtBKJuZk",-0.389622994291961,-0.24603716153332,-0.208096134442198,-0.488331278372606,0.850691135172341
"QtPRO8OJ",-0.412577567308308,-0.316089272834378,-1.03034045752491,-0.634149321093441,0.776088200886391
"R8XcsFnp",-0.557585209187366,0.693655953697638,-0.224638197978082,-0.53568889593959,1.8539442685663
"RROfRt9z",-0.319020827128797,-0.348177204270354,0.780581506870982,-0.42017323984417,-0.723793078313934
"RTcbiDGq",-0.488456159452173,-0.388862400538604,-0.156348876120359,-0.388147650963877,-0.150833723365176
"RVidM9g0",-0.0103873387110833,0.26705200139847,1.88716644169232,-0.667121501912905,1.29790064164004
"RZnQSH19",-0.394940608330179,-0.248783567063847,-0.150820692869224,-0.615416168861751,0.885319208683705
"Rc4UK7fT",-0.605219759847898,-0.217284903477547,-1.07458446504835,-0.306143819030546,0.681225260193078
"RcKBKh6B",-0.361393990465149,-0.0723306587216313,-0.643696118299792,-0.340057948216643,0.441915389420293
"ReM5kDa5",0.225512026196229,-0.283997356624806,-0.194786537366359,0.121295714324418,-0.897922038607013
"RfntsotG",-0.427229216442972,-0.332515211630222,-0.13316071405959,-0.677982764958482,0.52934349613027
"RiXMlzXD",-0.26309982473769,-0.398161940536325,0.702650058561476,-0.513156090789923,-0.531070715686535
"Rik83O3m",-0.693913266607965,-0.0330498444589568,0.0257165546264209,-0.296080637406147,-0.368771593696065
"S3PCzDzO",-0.438799904229467,-0.213763881710373,0.400938481969539,-0.741932109543358,0.117484136840533
"S77BviOJ",-0.370355223617623,0.0202695859806194,-0.484595763343758,-0.230467543785645,0.143140843227398
"SDdvtktF",-0.32481297930991,-0.360135469998822,-0.447290956103562,-0.245735899273136,-0.785075259582296
"SHs1AyfM",-0.407671918516046,-0.0250987579555921,-0.0851689926331724,-0.247037708405266,1.14561708634025
"SO4zQy9k",-0.26200484519893,-0.194026791990358,-0.275812191869059,-0.431232951820851,0.4668469984062
"SOOBCoiG",-0.207896797824595,-0.342674992210326,-0.368698983799353,-0.515618381930514,1.09509956833252
"SXkkPB7A",-0.206115173890788,0.115971715699045,0.597581570814733,-0.33752936650424,1.12387034312758
"Sa93dGqq",-0.512413445885183,-0.118975125584453,-1.19642808641952,0.154549310173339,0.788342109683385
"SonIG72a",-0.334942705595821,-0.140751531068658,-0.50285093155833,-0.199429123592953,0.0836238649425722
"Suf6hIBc",-0.33310622621566,-0.0823482559719216,0.161690666001733,-0.454667515096729,0.646372634525383
"Sx2JeSRz",0.0953586815402052,-0.0208691602873388,0.0613195406740998,0.445707453478823,-0.803801971603035
"T1Tlftr4",-0.152915307441175,0.117457561928147,0.692263218205206,-0.744419477860832,1.41577633345906
"T7ulR4ci",-0.395940740551063,-0.340544010798948,-0.183830458376905,-0.798322055511033,1.04317557783093
"TA1NB3Br",-0.248846855474392,0.0550057226764751,0.173897835221263,-0.413778100010574,0.445169554686312
"TFZUskaK",-0.206821698817383,-0.30496163657345,0.0403087396881278,-0.425338538708291,-0.739084576151119
"TNL8HGWZ",0.115751743892763,-0.329197043060079,-0.179156421314866,-0.183724639402148,-0.865227453026492
"TZ8z1GSF",-0.323899226788132,-0.334522287315255,-0.590491268782703,-0.557283086590393,0.353366094682688
"TqhRvkJJ",1.17064945928755,-0.273656694240932,1.66177219927478,-0.572734986242028,-0.346832440527928
"TtJCUiY4",-0.270923976150089,-0.327356515506252,0.282199351729398,-0.692796545065593,1.44246278421172
"TwDq0lua",0.0731785427828601,-0.363068290529548,0.729669949432736,0.63371363801577,0.266004049577849
"Tzyf02sI",-0.215822401054651,-0.207578364970451,0.257213802899423,-0.276455118458102,0.906357235090107
"U3yI6ZS5",3.30991598664866,-0.29367915905481,1.81087125141894,1.46753369508503,-0.974536439736861
"UBLnXZAN",-0.241974889741355,-0.251238131939646,-1.17912569730865,1.99166776469866,-0.435400751632068
"UBWDzleg",-0.281862084589835,-0.354969396662722,-0.893902079549099,0.490856570207645,-1.44501657097902
"UBqkX6SY",1.79328650679468,0.0385535730739178,1.92787818864603,-0.304702961696345,-1.0958669237517
"UCIAi1Aj",-0.378274778912637,-0.397910510530285,-0.572463634133615,-0.211057084570096,-0.0620734245878768
"UPbXGvCS",0.018412354502783,-0.387583623152735,0.190289048007587,0.0199093082009064,-0.723139378643972
"UeWm1l9F",-0.293313925658868,-0.208760410517869,-1.1602946202517,1.26529699121136,-0.616817198166246
"UhucscY7",-0.143960153090377,-0.389109763942119,-0.427999381087811,-0.432327658999669,-0.738257336478665
"Uri1SvHV",-0.0274923191238343,-0.368008625188711,0.05957014221728,-0.0878183498421142,-1.0500415315519
"UzxipGJS",-0.401588212426601,-0.338961571360666,-0.243521274272998,-0.417808459714938,0.462201152647336
"V74zfaAQ",-0.194909028255117,-0.335115157662667,-0.520966406374545,0.0489830759974164,-0.914554075552319
"VBPxBLTh",2.10335741128135,-0.0604187637924958,1.83279558030788,0.631854672606379,-1.05232385328252
"VLG7CXYS",-0.270456027105286,-0.0879941664313806,0.2694307840714,-0.279364573897957,0.591540758951273
"VNk52SpF",-0.421618904110814,-0.395783796259681,-1.39625616668803,1.73464454784602,-0.706491394568556
"VOREKsok",-0.349596546649176,-0.283288231808402,-0.692038041047294,-0.724913869392275,1.39519167150679
"VRhTr5pX",-0.427019672241205,-0.396663229912149,-0.126200517115566,-0.693955724686343,0.00070886402242641
"VTcG4Kcw",-0.121422351763755,0.505719594358758,0.658764922005726,-0.417053539084756,1.17268045111725
"VeKiWSbS",-0.253635383767446,-0.112718856705211,0.132989554382076,-0.369717372209938,0.342643168233416
"VnU8nJHU",-0.416511491498917,-0.323902929831329,0.609078566911283,-0.394412989333429,0.00807414203482295
"VueNCxYv",-0.443774071771827,-0.356348178486948,-0.810835804889946,-0.550881410241103,0.537820838773942
"VxuQTRUl",-0.560464444488247,-0.35491462958815,0.385401912009179,-0.325555305695686,-0.35063151418456
"W5lgaocA",1.03471155597964,0.94510440673722,2.3701936840307,-0.629246716011814,0.318878202038205
"W5mMq9Ef",-0.338652179896715,-0.240408956181725,-0.975099878475756,0.50643405771728,-0.211995541364928
"WDhNqFpS",0.138039763761795,-0.259518280612832,-0.367696706988464,1.19264299337772,-1.15549094307345
"WE6n1kZi",-0.559050017524706,-0.323589300131595,-1.8527445583188,0.595878191288495,-0.550866986584682
"WFk6r3vA",-0.480366415169537,0.114686894389571,-0.245585948512517,-0.333179634543307,-0.131807247765004
"WFyIrsUR",-0.413867747976362,-0.39172652989711,-0.541762229103915,0.581521030371338,-0.453766220133223
"WG6ZAsqR",-0.404669782487537,-0.253280178323588,-0.852622253086304,-0.753988360545903,1.00222654454929
"WMq3CZQk",-0.482143760092367,-0.398363844335423,-1.12588061551533,0.505589950362318,-1.44938646554381
"WRskmGjh",-0.117851208257175,-0.322323166884648,-0.798319731350832,-0.242551370263994,-0.612020071802897
"WXijSglj",-0.33713796362708,-0.353813294478169,-1.15806762563151,-0.409335343549829,-0.511411775720054
"Wc0stQgu",-0.395701011850151,-0.335018219461866,-1.27614267336757,0.404501624321688,-1.02497390518834
"WewoSCUB",-0.364246885696355,-0.388158447170156,-1.81896437247831,-0.657339782184882,0.18907045448281
"WuHuhHWJ",-0.236669383766239,-0.257710981320265,0.465718937438685,-0.592736225923369,0.888670058497099
"Wv7EBtZb",1.3547720934039,-0.102992304849484,1.50209253055047,-0.0400814374626179,-1.35114833606381
"WyPlxDn0",-0.38061025765271,-0.179706226715239,-0.503278264813977,-0.537450739365746,0.717112123029962
"X3WqoSNN",2.60779798111962,-0.287693366297626,1.19955417986392,0.784827225581404,-1.39164499145071
"XDhyP9KB",-0.655409132785371,-0.171079255091267,-0.356243833804382,-0.18325128837674,-0.643074604643143
"XQxhDRMG",-0.500101307063442,-0.030031063956359,-1.19200680927979,-0.243224139586398,0.756237495817265
"XjLNAwxW",-0.00743371778686515,-0.367322988099923,-0.0509494646927378,-0.225882163434328,-1.03999316786841
"XjfVQbXd",0.556998751877671,2.69785849776422,1.87344509571028,-0.477107924357651,-0.779067369338117
"Xovczbf6",-0.413200568807205,-0.181379998984018,-0.781241500979667,-0.769454396230972,1.4255253351468
"Y8H4onBf",-0.573444997703535,-0.40360674036323,-0.846524634895394,-0.714079995217569,0.530820793369785
"Y8YgzSZ9",1.23548931296558,0.156700879411266,1.99593425951274,0.162736663399855,-0.349385803812985
"YC4PNV20",-0.458811301635592,-0.289491388215007,-0.455869937614089,-0.643089927058682,1.30034801874394
"YDHSCRdd",3.53509657207142,-0.27730668849535,1.54357886248151,1.82809149532852,-0.439827967607969
"YIJ87aME",-0.366362893274165,-0.227987061268549,-0.293840207482059,-0.402260174373986,0.440240390189774
"YKvT4dFv",-0.323318009134043,-0.228908483174728,-0.262950619165837,-0.206422904998592,0.161884810198865
"YNebALR2",-0.502046262837498,-0.241014329211245,-1.05019292061938,-0.49244836640987,0.477638355176618
"YNrnqFyb",-0.347083283971603,-0.349971096651565,-0.205538210895273,-0.892805214124808,0.0380801343568336
"YUZ4lR3m",-0.405411145347534,-0.238706406302077,-0.243562728727306,-0.33193153335578,0.33146171956646
"YYLvjoVC",-0.0529955716747142,-0.00605353036106349,-0.00709756083488519,0.0548341986047085,-0.0991679695387987
"Yb8OtMb2",0.187476529854275,-0.367966909875153,0.480140180459978,0.127942798576354,-1.00075213302892
"Ycg4lTYw",-0.0957170396679267,-0.415550410254839,-0.339143212047357,-0.170314891853153,-1.08172968845477
"Yfk6tekH",0.25112157640792,0.0578001611160948,1.51008185967915,-0.350277761675711,-0.610613894457461
"YoSfgmR6",-0.537384457106592,0.289544694014339,0.0163736970284538,-0.215329594990765,-0.0207408866339637
"YpzFvexy",-0.314773095128896,-0.304086632064859,-0.998954852585487,-0.181138969555777,-0.450577506357648
"Yxqppfa3",-0.171823728255966,-0.384726895456041,0.326519091815252,-0.0464728389067312,-0.283042409782322
"Z16jTUvP",-0.255113082539341,-0.341000308862391,-0.516186915236602,0.121532465799906,-0.327581564916355
"Z2BdCCbJ",-0.294324282539596,0.012974357630029,-0.0556934295559051,-0.438227705282851,1.03323218397534
"Z2JJMM6V",-0.546182478670789,-0.316574128280091,-0.393635160784708,-0.294409741161886,0.211289749770861
"Z5jE1OB5",-0.257311393906977,-0.296300840645548,-0.0779654444182013,-0.242436055127167,0.24709883808049
"ZFsIqYxA",-0.357779312811964,-0.139201113598955,-0.0717746283227623,-0.0994691989629722,-0.111365694244086
"ZHDVsoRh",-0.35580434876311,-0.350288595034852,-0.581128057975071,-0.207026957531727,-0.445512968423276
"ZSmfu2Fc",-0.261507300022814,-0.334426263229459,-0.756451769421606,-0.308861208862638,-0.501185197119432
"ZU8YXF3H",-0.380547384620884,-0.236753641517126,-0.64928705027061,-0.764309979730924,1.26750557600531
"ZXKaNy6Z",-0.446742064974148,-0.289798176287626,-1.39351365249051,-0.572060888281984,1.01798907711192
"ZbYLo0zK",-0.0990254618554098,-0.331789019548639,-0.191886959932555,-0.616034064532474,0.500225536753272
"ZedN8Gcn",-0.47672438687311,-0.37827588776693,-0.124574280767081,-0.456157293164006,0.0924478808141816
"ZgD4Dau6",-0.169241141120015,-0.371232972811923,0.301705923911564,-0.400497342905747,-0.884015509294559
"Zgzf79LA",-0.476046037243175,-0.409085115218636,-1.69284021581819,-0.626625178114272,-0.155515261143137
"ZjqzxDOF",0.223388956322906,0.717436743727286,1.71484671950652,-0.668986344316922,-0.0132635522043523
"ZsZ5aDpq",0.11086993291649,-0.204863397130311,0.484720407942834,0.739075267218016,-0.902015635228452
"ZtyqE7If",-0.434781334252983,-0.380125933125368,0.168387791622121,-0.463086790423632,-0.745779647665275
"ZvUgz01f",-0.271667466186485,0.0268470780348682,0.402201403851985,-0.785833949612966,1.01723210887118
"ZwrhgdQV",0.538634094757755,-0.0432336467130342,1.50840062646814,0.631008144027696,-0.670743270143947
"a7bhJGBU",2.34719850433958,-0.36683514266678,1.67116894485062,1.01481587945023,-1.4685355262172
"aHpv6KzP",3.41660051088547,-0.289777343768116,2.27455828501352,1.06734747312429,-1.03136351870118
"aINzEBVN",-0.452179008850615,-0.414541430368692,-0.859602203206611,-0.49552784046763,-1.18624509922086
"aP9EtTGF",2.63550451941778,-0.318988123971371,2.19139243825662,-0.74985095032,-1.08975591939806
"aV6EhtSL",-0.490172143036755,-0.282364409090384,0.0212333743463635,-0.494546474789754,-0.0435630955105925
"aVZsXKoH",1.92136421664129,-0.20961486426425,2.27145391571976,-0.603234041257663,-0.986485906540113
"aYVnVJvc",0.503074114326765,-0.22191359314973,-0.235377816691828,0.856448515308364,-0.957763677234751
"abCzN1zx",-0.504833016768014,-0.385453501506319,-1.57556373971335,0.415548049449981,-0.660738331591429
"ae7sMiB4",-0.211682042208544,-0.250044507315689,-0.0287427225662894,-0.400625147210945,-0.26941019608712
"afsVuCGV",-0.246483389726116,-0.243185885260037,-0.806558162306956,0.19199773002427,-0.403223596145912
"aiwBQETI",0.17825714026552,-0.330936931642926,0.173158910133042,-0.0462880410613387,-0.886659957031281
"aiyli4EI",1.50327132498143,9.65527386426913,2.04678584454293,0.880502221667432,-0.363417718243347
"apJ7NmzD",2.21608220077932,-0.106243271197359,2.32348327050466,-0.607636271129792,-0.915110025596051
"atVjNMtQ",-0.295501989102014,-0.399582946479258,-1.28418752788852,1.4993136784336,-0.740357388190482
"b5GirVGV",-0.496755573932891,-0.383137296585329,0.357872380345667,-0.625365366006883,0.494135475321553
"b9SpMjNB",-0.0616571646331022,-0.127307855883641,0.264972672993151,-0.116144965349476,1.23963655782055
"bAFs37yy",-0.406493425796913,-0.260579421546737,-0.21390022871724,-0.682967131923879,0.863316784761788
"bDia1hHV",-0.481880900669388,-0.301020837169401,0.399038256650854,-0.285337107778802,-0.704797383916412
"bFkv5Mtr",-0.237369147446186,-0.0198640761070801,-0.425707581982966,0.328778130124988,-0.0640747481490268
"bHe2IXgA",-0.333369884562758,-0.373761744015779,-1.51608100589805,1.86331590813159,-0.750577029208154
"bWX3vUm5",-0.0172890633936436,-0.143525307245263,-0.0990244482213998,0.233825657180526,-0.976352918856566
"bat8tcGs",-0.113932828836856,-0.411215230883463,0.303166495938912,-0.119712314338542,-0.576443647145906
"bfjej4wu",-0.368136039293273,-0.189983537556719,-1.068119412957,0.258445296613997,-0.968388781845168
"bh04YDiP",-0.239250094171455,-0.332608696674318,-0.0296057451711454,0.268962142478434,-0.616437673778798
"c110Fdc8",-0.234200049287675,-0.28067730282945,0.0582149404061709,-0.42115935237308,0.0468273564407885
"c32GUzMa",-0.316245806127224,1.66441275287262,-1.47907406674585,-0.0209054053270759,0.79378938037365
"cT6uU0B0",-0.404216095634673,-0.263823843214507,-0.490742634036317,-0.502514918814227,1.09715437015155
"cWXCiFwh",-0.4862678789778,-0.339790347969556,-0.324484586447956,-0.219128222263275,-0.0392345792782883
"ceNvS3yd",-0.540321083978098,-0.301354500010224,-1.02074129410231,-0.24561736217972,-0.202260418926883
"cmwdt4Av",1.95711741765535,-0.156687086892749,1.63255759578453,0.214281917832408,-0.926457718865499
"cn4EHsup",-0.4590326159572,-0.274554624580524,-1.41999145834885,-0.200641331525857,-0.217722113827297
"crVOGGTT",-0.180635785680704,-0.26908148800434,0.171086827956892,-0.278547693145648,1.3470402233028
"csPEJ1E5",0.133471864925027,-0.316224391820582,-0.613097113684112,-0.498390625842103,0.107136007107712
"d0UrRtMk",-0.366079338338503,-0.319535801308149,-0.788788664183278,-0.785275226484897,1.4020608752017
"d6LU4G4I",-0.421840681414794,0.277757273053133,-1.02809555037497,0.377489440424711,-0.065067689128331
"d74T1DVv",-0.440520322501942,-0.344946111395375,-1.16846025854591,1.26749170117434,-1.23674609118593
"dR6rM1tQ",-0.0843416809044792,-0.411164533004104,0.370619644120432,-0.0787180780000795,-1.02019936709591
"dUNxOoqg",-0.423578141242754,-0.22633867840781,-0.916757060106277,0.20002570012778,-0.932445955437926
"dUnlyhj7",0.264863819191845,-0.212374996104022,1.1404581973325,-0.546781847597191,-0.112026221586796
"dVDlnZQ6",-0.202803184230737,-0.403946729516554,-0.38464933695894,0.0813706814420399,-1.35286421646717
"dVT26GDu",-0.236543139164142,-0.363183915577811,-0.343645904451231,-0.585194061101579,0.943658628696419
"de43ycXY",-0.0188437113658444,0.0598738347818765,1.56164121335633,-0.819109230348514,-0.0274298020098994
"dfIn7m9z",-0.390819553191073,-0.382907770964655,-0.651020300717626,-0.113521221567034,-0.62742515507943
"dhmb9ZY9",3.71171292187555,-0.214964470517711,1.4226342342907,1.04733533145617,-0.984799157896442
"dn8kCuyf",-0.351512385168147,-0.254665217857858,-0.589986741619989,-0.47214447374244,0.81737923187777
"dpcquvWW",-0.406022612966563,-0.365689234491212,-0.0650816660402107,-0.357225225716098,0.15284283609669
"dqcbIMyr",-0.575589292160967,0.225069849539925,-1.58361870666203,-0.269266400070498,0.0850214643507636
"drWgsBf5",-0.431748628830919,0.188300451668847,-0.431426259997014,0.277673656082044,-0.625561556961749
"dytx0HSe",-0.421245224439852,-0.193851087702049,-1.06369660065659,-0.722873202346553,0.900652399418984
"e4KkkIha",1.88578036146693,0.861771496491543,2.37018400366874,-0.47834200409421,-0.913143855306651
"e9YorH4m",-0.606207682101586,-0.324111995251317,0.961521263687508,-0.952069554107274,0.745488382772638
"eB9gVQ0R",-0.0989272843029811,-0.301474910572557,0.766555378561826,-0.509308231960839,2.04073107356577
"eMhLFqU6",-0.463230314290063,-0.186953371712012,-1.47223229368923,-0.175464091993308,0.312903184771529
"eMllg1qm",0.613152999905114,0.581059168392595,1.12037911465531,-0.248139480251701,-0.658341080227968
"eNPunZ9i",-0.491412478900867,-0.0372425066408756,-1.5691602636881,0.259695035202361,0.462552932190329
"eS5BSM4J",-0.405578585095926,-0.276267399278212,-0.282235382534011,-0.657186864321307,1.15894930292856
"eVGMFoOI",-0.579254726006874,-0.2922625363682,0.481342381931369,-0.9968971307419,0.961308590489627
"eaIwb3rG",-0.193204143342401,1.71454369434565,0.480296761152262,-0.29137985303464,1.33797705345403
"eyzw8Vis",-0.348854588591373,0.0456033086599849,-0.529384887433474,-0.508305906965071,1.21542272527135
"f04Ke2bN",-0.287073289288285,-0.0786615418641572,-0.45032438879406,-0.0442813598709828,-0.0445739927348452
"f4GA0te1",-0.200356314725859,-0.306558186929113,-0.331197368238364,-0.397809749997884,-0.0176540648313133
"f7bd91h5",-0.374459373686658,-0.33855396522095,-0.177719394443762,-0.753335166489275,1.07653797784884
"fB7z9ndr",-0.270054538399547,0.0699592067771511,0.117748864137688,-0.401107084480864,1.3890992385234
"fEe7AWFA",-0.428384397702341,-0.381839289258796,0.738918333244423,-0.507231852640202,-0.608105249394812
"fJJIbgY9",0.35956734507218,1.76726498143037,1.40994234414604,-0.544628254874933,-1.1118812948343
"fQBURMvg",-0.325738010724831,-0.12859015130995,0.00559442709288446,-0.479447335322571,0.797966919437313
"fS0HpOub",-0.436293668391752,-0.238712530239092,0.19204532254791,-0.535635068003898,0.515461608276114
"fTDXauuk",0.258333960843455,-0.301429129945886,1.37773208971901,-0.512976103231209,-0.770879567875373
"favPNA2N",-0.544576437616845,0.0531193900681059,-1.21301434178981,0.0136606816240616,0.969075694232281
"g3Fv0U4k",-0.255703601051668,-0.319081500070644,-0.607909890974025,0.431977064068171,-0.761083710007206
"g5PKo2E2",0.14859951338019,-0.274375661109018,1.07067111217167,-0.0410368539488332,-0.324357358354034
"gbjnD5fe",-0.221346811312535,-0.396337819566223,-0.354239774458912,-0.670293687875432,0.494532478253811
"ge9zqXCv",-0.435748127510527,-0.378291828414855,-0.378560493857876,0.761090926557032,0.188964919813676
"geeqJpSE",-0.384084460618836,-0.263212321057811,0.00025877660672129,-0.674977133172919,0.810558059575215
"gqy1J2RS",0.146651405232107,-0.337242926380148,0.532023309065417,0.108313241086749,-0.722764345952288
"grlUtS3H",-0.225779872083514,-0.268556924587603,0.151967469588228,0.646632770423001,-0.767017557408649
"gx965KYj",-0.150608465932456,-0.291241816110514,0.163080085128729,0.0264520977518049,-0.200702219808955
"h3F08Vjm",-0.355013241584889,-0.250206812980292,0.154621661086986,-0.503826420039761,0.886785926962401
"h6FQG8Iy",-0.147077089417849,0.124798788775356,0.870531049543528,-0.403195802736653,1.27651143065904
"h7ftM8b3",2.02253810709168,-0.00400061821877462,2.06128043092813,-0.234513100604125,-1.51542176806862
"hLrCHXZv",0.244668540977696,-0.364430164593777,0.196413803988012,0.217702460883307,-0.737986780164859
"hQ6VBuFx",-0.139095576123064,-0.167194223740777,0.637529806491374,-0.522469166183195,2.0949743379991
"hYoR2y7w",-0.454929380271947,-0.0424241929752659,0.0560863333038492,0.0404243010829229,-0.812747986270857
"hf65yZkM",0.315105142221203,-0.324575931275547,0.46828782939902,0.887442592621688,-0.911241869500171
"hjuwe1x4",-0.229844224182412,-0.127558161026383,0.442386974799981,-0.452482174368008,0.249575636214514
"hyINlsFR",-0.386146195052138,2.74111843139089,-0.386335843514957,0.216262454368077,1.75810237207781
"i0Qlm9Bv",-0.150603341227292,-0.112426932175,0.366221422209328,-0.438167482218351,0.964602633919208
"i1VxfxMb",-0.245276540015575,-0.23449285556606,0.00611413481535301,-0.552329814336273,1.23342706316142
"i2l6jXNP",-0.516640472663704,-0.263904220186492,-0.862043636512172,-0.395949358429413,0.063414260153296
"i4FgPZv7",-0.327767804168346,-0.273994341964698,0.0917057611557384,-0.71000703298188,1.29204265004133
"i7XtIkSi",-0.282594432528259,-0.258810973789111,-0.38556764199854,-0.379020741180902,-0.0528984651723628
"i9z346Ut",-0.3292424656331,0.0081831801272601,-0.373975424051487,0.753841924738522,0.0794832829758786
"iDOat4cZ",2.14009625761837,0.443988777746141,2.24300976081733,-0.583287924247591,-1.20248946956581
"iNv6RoSO",-0.192937006619718,-0.076850379926507,0.483883623848894,-0.107078071651006,-0.157791924722111
"iSL9NYzy",3.78845143180952,-0.357051571207731,1.87955099212916,1.80669390941213,-0.88664998851601
"iSqVc1r8",0.0428592129207036,0.879570248796999,1.4152048782338,-0.605567182528791,-0.1817139689357
"iYZMftt6",-0.783766847898244,-0.334820586264814,0.163398735302023,-0.903890939730163,-0.852281602005013
"ieTPaa3c",-0.339767600357228,-0.319106700913926,-0.863849766493651,-0.237009615604481,-0.184518847862834
"if7BmzU0",-0.410170087123724,-0.245787542260747,-0.172441071596673,-0.640540960791245,0.691048673529844
"ihNz5bmx",-0.258979024430996,-0.316926693095888,-0.218109418743912,0.042123710358091,-0.948383634540165
"ikJXKdIN",-0.307663032439812,-0.371897198425282,-1.09243082666955,-0.509601027417209,0.860809929287817
"iq2kxikN",-0.260700155737569,-0.35925759307426,-0.0594405561111398,-0.175625495215664,-0.973467545770369
"iuZEDJK7",-0.342690327047536,-0.299186940756872,-0.42242957055337,-0.616900242990424,0.604708147266027
"iyF8gVT7",-0.316078787526402,-0.151867444358915,0.0688318778940656,-0.666600995797378,1.44017940379306
"j06qdQ0V",-0.390519669895571,-0.347260515500803,-0.0370356396876086,-0.279605277640742,0.0829248839127269
"j7hl8svO",-0.595638081345046,-0.329754748421466,-0.047881809294662,-0.275209517770418,-0.679640615792812
"j8hMoJUN",-0.452509246706184,-0.405897639229843,-1.41000380889008,-0.597593604571913,-0.288202701904813
"jNaFasbV",-0.465053037080699,-0.368613746695948,-1.1657401694154,0.235782643084356,-1.37993725313729
"jVVHeYHT",-0.497185940191094,-0.0546020458963924,0.114400974531773,-0.553503094146609,0.840397698009615
"jXm4ySvK",-0.295492394933371,-0.189237511691103,-0.0235068251727302,-0.382724298236298,0.70306211716175
"juO5ii5l",-0.277400209725718,0.274932426400137,0.230431372553235,-0.371395643252788,0.124158639889963
"k2hdEBsU",-0.479126469702021,-0.318726806429687,-0.525506370781979,-0.778403175338526,1.1724558369181
"k3ynMfhN",0.214277549922365,0.791799234406398,1.17507389222643,-0.283131618291267,0.485916386550304
"k9C9yBtr",0.0530468361770692,-0.25262716230369,0.271561696529044,0.392356591113513,-0.789342912174427
"kAKRvcRo",-0.30553809779106,-0.408516077654299,-0.131293143657289,0.18759625097507,-1.01352753180309
"kBi3R2oC",-0.23247078031312,-0.373706699501409,-0.0132212185604084,-0.592013505037552,-0.413601243257033
"kDWmnsXe",-0.0969097953528132,-0.251729484489617,1.82695185030761,-0.64975551515483,0.010896316869811
"kSGBd2Vh",-0.374483488367957,-0.243775962116319,-0.0919636336969624,-0.596822902434635,0.516898061766583
"kT0miHPT",-0.405857649212047,-0.370458153230149,-0.0848226328146406,-0.498369317617424,0.203993115722029
"kaW0TfRn",-0.405175840701743,-0.397188341200667,-0.82651477713897,-0.540943705913542,0.0336378911758569
"kmg3SowO",-0.427945270326214,-0.244481105120288,-1.10618169834372,0.411353072622874,-0.527301491873883
"kpxKSlnF",1.85450706401506,-0.191800635378679,1.65917375479597,0.579182955186372,-0.312569137351392
"ku2cn1MV",0.624657757324053,-0.0553353026344597,1.56323361714316,-0.444343843196949,0.0928694067121096
"l1su5HU9",-0.365740743685153,-0.331423052521953,-0.446124917140658,-0.550270070272523,0.329066135133898
"l8Tg2RvD",-0.493714489435066,-0.0473276458900077,0.632502848007829,-0.658717430222127,0.731798278829262
"lB6NsVOc",-0.284695045843192,-0.343920240454776,0.046450546829706,-0.702806479409586,1.42414128437303
"lEcdVyKk",-0.368185495726987,-0.0965262180822514,-0.695433392428581,-0.523824285561517,0.821040914911124
"lH4TasGl",-0.179913841181091,-0.306147714458496,1.00722947997474,-0.650218847355711,-0.63408516553219
"lO9aggHW",-0.0853935062974866,0.969819498371397,0.0933304520651936,0.341957066002752,-0.0284076123415105
"lW3m9Vzu",-0.362014940491661,-0.342367569518866,-0.366492625570014,-0.291134283338885,-0.347014279761027
"lYLseGDP",0.0247328914583967,-0.379158133718255,0.563295862829268,-0.467380532919228,0.199058312778066
"lcOnCdZi",-0.269598804053994,0.0180653252675442,0.996678232958841,-0.580570769771779,-0.399696930686223
"le9YGwON",-0.204820848623643,-0.353011645611957,0.314273047620461,-0.816688993170712,-0.128379928596168
"llMvu3TX",2.05035387106914,-0.0680360906554051,2.78795979871794,-1.44744278283774,-0.173884149002873
"lnHh2jFO",-0.146793667715443,-0.0949568052606132,1.71188608721127,-0.946410181535098,0.254998433046565
"m07CVXd4",-0.245721307514673,-0.229524660791575,0.590242766462928,-0.533282833006955,1.28433101711734
"m1lPk91z",-0.26465521017289,-0.280704121751973,0.271710983186213,-0.706822130724801,1.17556066125127
"m9IQdmwa",-0.453412850441859,-0.322594533888322,0.221536654415998,-0.550574096296628,0.586585917669227
"mG9BRy5x",-0.472105728691963,-0.0949075411305135,0.0853350390490308,-0.236452456894573,0.172220517098311
"mVHXnama",-0.397578984239798,-0.407534889608252,-1.17368961809362,-0.399686806999663,-1.23069111657864
"mXyrR6nU",-0.386864211522991,-0.0836176512762576,-0.87326398509238,-0.451891203187756,1.33965223918996
"mbzNdxNc",-0.293776566252771,-0.256527666596778,-0.296066116232006,0.124089523549188,-0.754881112185302
"mntH7g3L",-0.00348788033708832,0.765377429125077,1.49917292693365,-0.699786271123075,0.254960832683767
"msRTXP3H",-0.262625587571858,-0.200667386371944,0.332893781179432,-0.230756651251442,0.440302578264558
"mxBjvIPR",-0.448231666257251,-0.389803767715951,-0.0584110624539679,-0.505258586175205,0.519230124196905
"n8Opmfbz",1.15850181148143,-0.0780125293511786,1.86014966933493,-0.118737738292148,-0.537794106298327
"nOkgU29Q",-0.207922453237334,-0.264884768513736,-1.2856491217812,0.343936773025359,-0.984440341077609
"nhttf7VM",0.0360613503396703,0.367545890876386,0.808690498972687,-0.120411486224902,0.168426366274695
"njLbXYa3",-0.374272327179732,-0.391903866648926,0.117571432126374,-0.466756778773806,-0.519512632741153
"nwkIpzmh",0.417635917817671,0.101345102165392,0.987983160262206,-0.161904511291358,-0.379970319652018
"nzB1R9Zg",-0.160629511461523,-0.247583995384709,1.22057044359045,-0.858500667305954,0.514609910941886
"o1rZRI84",-0.24982762661465,-0.225699430340543,-0.620463450736146,-0.460545616649362,-0.551914426528005
"o7q5Mbty",-0.48596618458745,-0.369319502479316,0.319729313835907,-0.710040086039799,-0.881547677301048
"oCBvysqB",-0.521272906226898,-0.300687607017136,-0.312570205579321,-0.426764183262372,-0.262746440575513
"oDmycTPH",-0.204178916884282,-0.390479244110638,-0.44368306119031,-0.429609829400139,1.40924897619231
"oFAXZvQv",-0.376589936593608,-0.0777123929562069,-0.602362150583634,-0.188780310949744,-0.291287359346755
"oHE3M1zX",-0.224139454090937,-0.133574034597736,-0.344155645616925,0.603460849374256,-0.489081650468111
"oMhVmSpV",-0.824997374970659,-0.205986133481743,-0.518499237544789,-0.589775482714676,-0.540006368597698
"oNsDqVbi",0.0349751501413902,1.31012442368799,1.55116672816327,-0.817051662861847,-0.655189232074443
"oYAJqQk8",-0.387257396118184,-0.416623794008024,-0.844030571361589,-0.70936854076382,0.0322181426851221
"ob5Kb6dW",-0.345814464953703,-0.0337062560323301,-1.04754113350095,-0.556622747442911,0.878572400559964
"obnzqs79",-0.374376019352253,-0.38230082400748,-1.52178009934182,-0.614919369668402,-0.453578450041346
"oncLcgRP",-0.372814524790827,-0.337329901204212,-0.438975306575819,-0.0756594541597532,-0.281071618111525
"ooWVYaAe",-0.24764983151317,-0.379915173501209,-0.354106057245821,0.75312979395193,-1.22633317041004
"osdyOUnV",-0.365135892455579,0.123099403019029,-1.7983398394971,0.275926649973088,0.432670126050353
"p7H9CzCv",-0.340374781205628,-0.345265396193076,-2.01213761925753,0.581325669212019,-0.632477998713407
"p7U9hVhY",-0.356618346886119,-0.205361237906869,-0.559083584936563,-0.45267885701436,0.370041505779812
"pE6Cf1RV",-0.163261023547168,0.051079298327504,0.396254503215193,-0.500920015046681,1.28098819232255
"pI7qzotI",0.218641983936211,0.243634094437574,-0.425163583484207,0.166100345192221,-0.45142622202601
"pJrIA4sk",-0.446962427190807,-0.401373333322195,0.0724091495695142,-0.513119586241235,-0.111932504679443
"pXne2CLZ",-0.360215481953617,-0.372401255259046,-0.964007256371052,0.864466892392947,-0.713932785731918
"pZMcDIOS",-0.487086093762491,-0.351232167735736,-0.141970192851429,-0.667671712116341,0.74424269365713
"pavfp3cc",0.297584735498149,-0.328195679866526,1.07026009077902,0.0233071685381289,-0.732567727401113
"pbQdC5L3",-0.7051052254964,-0.386131320291841,-0.204720062954159,-0.832737773595102,0.6477565400911
"pgj7aAFP",-0.302238489576045,-0.327330379720359,-0.284525672595189,-0.421208304823237,0.576414618945529
"pxg8G3ed",-0.358547405884388,1.34445840672091,-0.124960351229187,-0.269612216980467,2.09714354110712
"q36Npk6l",-0.545536231964787,-0.36890505694759,-1.05369037718839,-0.898690853668552,1.00323588742668
"q4aDOVvq",0.636407374769819,-0.129296711409371,0.7904851463854,0.61457158377576,-1.29753780151915
"qGmfR9CN",-0.341738255206021,-0.0726256874164973,-0.847080448893001,0.505909533358877,-0.64408736548694
"qJ51ODpA",-0.410626477691968,-0.216468824731888,-1.24027536124175,0.464609694411559,-0.320557598031878
"qQX3cs3I",-0.308171943531076,-0.130198033162225,0.34906311980623,-0.79797401144486,0.269996773448184
"qXeIxPb8",-0.320401965320915,-0.116159378172417,-0.34358472373518,-0.443020590869921,0.697280200135369
"qYQ4MShM",-0.0402725299735084,-0.105521994915567,-0.184933457204184,0.386889998713276,-0.930564156367721
"qa0etnhK",-0.220264473944175,-0.298466149692051,0.229904890496044,-0.102503720703354,-0.826979650654704
"qbL4sboq",-0.707678858885391,-0.352429894805269,-0.949935481222391,-0.885395141009013,0.854423288048863
"qbYrsWHq",0.585212797674267,0.8418412467876,2.26711888445596,-0.0420307963713932,-0.236854062779355
"r1zmcUqQ",0.533249315002676,-0.25816295554589,1.04582256721177,-0.418794057875,-1.10079802466024
"r54iHeQC",-0.345995839952439,-0.230821035877532,-0.00493329294812677,-0.538341865690921,0.578940742073912
"r6xrAnQV",2.55373652911572,-0.261364453544357,2.16748590797859,-0.433120832140987,-0.0954514868036726
"r9HxnQDg",-0.259573527046995,0.101622349100553,0.556711024526129,-0.125883958444737,0.865216968160955
"rG8Puuf9",0.991288786483997,-0.120189452232433,1.25399604143385,0.205195438582451,-0.736515414369236
"rGuiefuR",-0.237761048427545,-0.382663618993473,-0.806578369731466,-0.0316062593827675,-1.45748383278967
"rJ19OhGP",-0.354522894966977,-0.062874100831816,-0.670927506083276,-0.601792065469676,1.07626288411197
"rOCYepHd",-0.0410913064024792,-0.241894107536803,0.564928690173907,-0.409119173570591,-0.455421170227862
"rQJaOPFI",0.0737987650554863,0.0197882376935569,2.30968579006836,-0.458364039052889,-0.074185575496971
"rQhZtZeh",-0.135368144295037,0.350643680066241,0.721738386824993,-0.67726233552968,1.3457434979729
"rapmok0w",-0.419188970882661,-0.184187424752814,-2.08552773483226,0.186562338527683,-0.00153415437569194
"rgzfnPVu",-0.456982282572452,-0.0909142706458143,0.664800923890218,-0.759690631911546,0.490056854395272
"ri4qhb1S",-0.374853719197094,-0.328904364019469,-0.785348900893451,-0.535447438916938,0.691257189181235
"rqpFYzff",-0.441213536114489,-0.363381136764557,0.31916001621518,-0.69338209068651,0.532323617965898
"rrs22coX",-0.272527914384348,-0.02525249218793,0.284509388529208,-0.299119966263667,0.95989851524443
"sEeUCQLc",-0.418094230870218,-0.155842872733506,-0.944582673674681,-0.386736092928292,0.579374144786562
"sHScwqQl",-0.306826140029798,-0.223895811742531,0.317853671257353,-0.634086587900872,1.31633304358195
"sNC7DiAt",-0.489699985525704,-0.318928028406695,-0.379637419319977,-0.721052300507966,1.40200475610021
"sNK2TSs3",-0.284593088166892,-0.170888975523294,0.266742791100352,-0.291540963766056,0.789767943583252
"sO7Su6uw",-0.518865381733295,-0.193543077177589,-1.78775806330125,-0.00303012595125758,0.324103467029034
"sOWZx89o",-0.462138559193806,-0.327175514714457,-1.41046405721787,-0.641576147307715,1.17879553705759
"sPbRcPjC",-0.0257554843457389,-0.317158352238041,0.595822563298255,-0.165545352267433,-0.580353433281199
"scVUfTKI",-0.208282578502863,-0.185169384038059,0.299959020359526,2.00071356520393,-0.367732057080557
"seRaGeVv",-0.488043339175302,-0.0724813448659329,-0.284763555288379,-0.439924266550623,1.12193547245918
"sgtwiYWi",-0.444484510026664,-0.363660854082274,-1.35060298949575,-0.203323078451467,-0.400666709526426
"sjmLHcT6",-0.532735263378589,-0.382516212332762,-0.663779136961895,-0.737222473955889,0.376100840576795
"skZUZZGS",-0.437057931644119,-0.351587876420088,0.232568222221255,-0.453640640983923,0.536467292244035
"suAmzADX",-0.820518163897125,-0.408654913671693,-1.04163145895011,1.72803143555432,-1.16084128362447
"t4GWLqlO",0.376418163421365,-0.211043559823786,1.15129089061908,-0.247298709626026,-0.173860181385131
"t7gy6Jyy",0.42337766245715,-0.339922757598465,1.55880848957429,-0.574906501274138,0.440103254548278
"tBadzH60",2.18762310818017,-0.169930918831678,2.43410901429204,-0.879913092153014,-0.753614949707407
"tXUWm0hp",-0.140299297190679,-0.243800504803875,0.0423909208560331,0.771991594502461,-0.865295771203966
"te6UPPxf",-0.625927743700387,-0.347573616192642,-0.255264619058496,-0.484811411643815,-0.538640590551638
"ti2lamkL",0.141503134093172,-0.160035732527049,0.382113102459415,-0.0766336286936703,-0.469091095812045
"tr0lpwuU",-0.273146664213551,-0.388037593423739,-0.673787904611886,2.33757092068758,-0.947272907235351
"ttdB5C73",-0.387213202891088,-0.0732860658295502,-0.0427146242975723,-0.271635886573834,0.786321024416287
"twS8YZu9",-0.407731039619707,-0.0854770367494032,-0.312073892557539,-0.511801621174478,-0.0315312716432503
"tx68W34H",-0.432419427785566,-0.301173534506761,-1.31210820275631,0.797708413620316,-1.23055832071947
"tyQSX4mY",-0.31497474756184,-0.214029807106494,0.0245349046023036,-0.610722309132827,0.402210693022699
"tylKCRc0",-0.407448362006304,-0.367296035120293,0.160403052210834,-0.476415580990676,0.253780835996624
"u1544WUo",-0.387010538729157,-0.211454943489718,-1.19790615205441,-0.56112890078052,0.77299458896625
"uAw9an0d",0.172099401255717,-0.278326394069369,0.0528196186951056,-0.164444333601958,-0.312881456102625
"uLZAEXMG",2.56075625916196,-0.158574170718838,2.03996904601959,-0.273980587505227,-1.09994851763211
"uMwe1s7I",-0.526850744253713,-0.35116752506742,-0.781890344051769,0.572374620043691,-0.733047806183718
"ufhGeV3q",-0.599661966040584,-0.27496488024296,0.478599848791182,-0.68792353417698,0.716313498644418
"uhAeGBHo",-0.307762221620061,-0.369781155353472,-2.07530960345739,0.395202887149174,-0.745165793343349
"ujHNlqpw",1.21184848056527,0.975599931229337,1.2317218139468,-0.093790836147635,-1.20738728329549
"ulV6kuhB",-0.257830715787434,0.136938068222425,0.178582443796507,-0.408397947414836,0.58409676087233
"uohEnNEK",-0.279706008128233,-0.367182359559099,-0.721338574082487,0.747627782538472,-0.879457247988108
"v1lhA8I4",-0.295480180571934,-0.249968411513407,0.439994906653412,-0.684037752292809,1.49240154821023
"v3JzigLI",-0.383733181486935,-0.401693021435684,-1.26246901818738,-0.834860345008595,0.720870195151522
"v5IwjyIg",-0.395745111048975,-0.336898045950389,-0.655910663287325,-0.232152122313778,-0.955649538776938
"v6lp5TK1",-0.195389839958711,-0.142638739709488,0.487311010801638,-0.641737969645056,1.52561162837587
"v8vOaaWq",-0.466845892892781,-0.248249563059557,-1.06229463927385,0.121733377073334,-0.0815190762502489
"vAYKtoil",-0.592016623910507,-0.278186662654606,-0.384770785337935,-0.527644859930207,-0.466081198351836
"vGTNQa6G",2.26850832452023,-0.225701274759059,1.50686735315308,0.685086466429944,-0.395411296961759
"vQzNxHoL",-0.484502596580879,-0.365443858537998,-0.0971258337842124,-0.675194103310248,-0.803189707880369
"vfZGBUJm",-0.28106964642238,-0.347029650163506,0.761064527996322,-0.163332229654627,-0.498421728520331
"vlooVUoT",-0.200510244653427,-0.1457002568509,-1.35937127129797,0.878943663097811,-0.899897698794195
"vrACvd4O",-0.390240755359577,-0.356607989386251,0.317806786625988,-0.248863856064358,-0.416260914361652
"w8hdjLwb",-0.357035294751316,-0.16930043181341,0.0573386164260503,-0.432829641022176,1.14525404084377
"wAntv4gH",0.0744010312681321,0.773094910526439,1.81800064092902,-0.628400661894823,0.71005500704068
"wIUL09q0",-0.426311844168397,-0.392128583601895,-1.73239508338003,-0.83475132583172,0.120271565957118
"wOzx7Fgz",-0.463676444198615,-0.397219457792706,0.293755568753225,-0.489477982424746,0.167134074757726
"wPhjhCJQ",-0.362516620916387,-0.108884322529269,-0.631165867804013,-0.605720180579426,1.04750748774181
"wQSWWmYB",-0.421480556560394,-0.168229809146095,-0.579637285330868,-0.437849313548091,0.852141383102645
"wdIMrXwy",1.9593154850179,0.321018911594205,2.7742053788653,-1.15904066677993,-0.476078885839651
"wiL9npQc",-0.361072373165871,-0.305579237210332,-0.855183093913374,-0.646043157910787,0.703384843685675
"wnU95Cxn",2.0795909135876,0.367475276084564,2.48626345266562,-0.633435646881729,-1.42525345434715
"wpJbbjJs",0.00602598003002058,0.073831016308806,0.680432358012245,-0.289218553138314,-0.160001550317579
"wsOWTAbI",0.802553693704324,-0.167570100678183,1.61000392290107,0.821390030156061,-0.771580204792693
"wtdBcU3U",-0.391530724487867,-0.395279899063039,-0.34265666932057,-1.08984148501325,0.0393342286439313
"wuKXVxOc",-0.414762101042401,-0.0516818847501814,-1.11380462962468,-0.340174954473745,0.821874540927471
"wyzadAt8",-0.278722201477086,-0.308778763842331,-0.361354912238161,-0.717009083397824,1.32155915434604
"wzaKzYwi",-0.089575513131296,-0.378694848939905,1.36169724914302,-0.740148850706017,0.888023912170063
"x6GCk4EV",-0.229500843574358,-0.016900766707789,-0.01975180901152,-0.404915075323052,0.463495925207055
"x6lUi3vf",0.191925364833757,-0.376839620899442,0.597611015449833,0.390747774745144,-1.08852266411874
"x8mwDHv9",-0.370470234515383,-0.324856191391337,0.514475466368467,-0.255463819706144,-0.000561486561417666
"xIYm6puH",0.642321850007668,0.318938218576411,-0.154034537334454,0.783560962121402,-1.36095975467265
"xO6UdpsK",0.622990213867328,-0.129356195548516,0.395284331923355,-0.186272720169745,-1.31960149738946
"xQ2bkOvj",-0.424491804354443,-0.381098133457056,-0.854750839138578,0.228682451786024,-0.746030369396852
"xeXyDCEQ",3.20174002673293,-0.336391903904594,1.8501310890114,1.24805865580927,-1.18269260244099
"xrggHziO",-0.167922968780717,-0.30137493150158,0.352512813225928,-0.484224408478933,0.113279108857441
"y1WMCmqQ",-0.33790855811686,-0.368018690581135,-0.65365179078301,-0.434614496661755,-0.0484021933556692
"yDngezhM",-0.241801463104343,-0.401494508309295,-0.996340765875243,-0.822694570077182,-0.436921169477445
"yLiFjMD0",-0.232141729569221,-0.298406697712774,-0.0232556662213527,-0.365711857992831,1.15188000895408
"ySwEBO7w",-0.661977408136861,-0.25784094689647,-0.328606761632706,-0.283606888936887,-0.948469971565037
"ydC9UsSm",-0.421084768342154,-0.248616127831104,-1.36500661881707,0.744697112514272,-0.286500541808078
"ydEG4VBd",-0.441075832583961,-0.131227572510614,-1.05555746314743,-0.284582721149739,0.930424401320643
"yf76yWXc",-0.208988984225387,1.4838762248263,1.2413307265962,-0.554477625552315,-0.201622974447155
"yg70e63n",-0.392315833452485,-0.3342348606577,-0.668007057899625,-0.543092733436017,-0.186859755031504
"ywxtlSKv",-0.504272129294104,-0.409135368934743,-0.0482145583881006,-0.670929456659353,0.0497343256564942
"yzKPQPOR",-0.455247124729435,-0.374659205923211,-0.655375515857101,-0.136701387305263,-0.625437743028274
"z5cnOnZ1",-0.370490384979488,-0.384826562587961,0.16955703877864,-0.352366862833922,-0.596177497787194
"zFLkOE0e",0.292452581464233,-0.293666003987756,0.247475601435684,0.697191231698496,-0.885769506221056
"zGi72mxL",-0.652009008259847,-0.330420806501579,0.0929194426556051,-0.206064594032718,-0.467859244275894
"zN925UV3",-0.296797588732852,0.0330529191447649,-0.953119385488486,0.734908328548773,-0.586143977384788
"zTy2ih7e",-0.502031294653018,0.00623701866335585,-1.02168082388746,-0.583738521244075,0.896533046350886
"zVFzAutw",-0.21325948348347,-0.392167910598466,-0.239135507571639,-0.888679042252413,1.2473728742258
"zYxNAkht",-0.401985699515766,-0.383376370912812,-1.14159443923954,-0.658841424792832,0.662790521487156
"zaWDBai3",-0.603528081416985,0.992837507207422,-0.396806676065576,-0.38048849125767,1.81462133655982
"zg3u0Zsx",-0.186415981442939,-0.252613689222803,-0.159141295378472,-0.362014527801718,0.0295498780827456
"zlwLfdsS",-0.416800507781617,-0.377606882667406,-0.625858548577806,1.51197124433893,-0.806265082752377
"zmbKzVfl",-0.544279272170581,-0.130566949795149,-1.74092269554478,0.04377802070903,0.364592721455965
