PIDN,Ca,P,pH,SOC,Sand
09gt9UK5,-0.4663781324911169,-0.05164538670486518,-1.3152492986000563,-0.5871993614571416,1.745533526310119
0BVvxJ6a,0.33785639843205084,-0.1268591134648771,0.7291288487208565,0.2512657485951699,-1.7158392860401577
0KbdgApg,-0.14325334330573147,-0.4326689417339251,0.09701090505610388,0.1861244103003905,-0.7603871521951007
0MnuuduB,-0.39789154140402294,-0.4086391895625523,-0.1879819182679423,0.4086900976737802,-0.9169819083035904
0PcIsF9z,-0.48779693685850267,-0.18633865251102844,-1.6269906139468642,0.13838715875611385,-0.11323347611598678
0ShTFLYJ,-0.36165126469444564,-0.4079815281602235,-0.9018006673875245,-0.827635688175878,0.5332530072706803
0XZh9jka,-0.6922070683990014,-0.39057665207745895,-1.0155472537173775,0.6372430330631964,-0.30749162027745314
0Y7Wegri,-0.4126804278207046,0.020795499232929338,0.05875670534261168,-0.13825490873093216,-0.017491657712490394
0dTqplIM,0.2540599538329489,-0.15585850401838552,0.5979697013656367,0.23265697748250247,-1.1077495257139773
0lNiZicC,-0.43565867462115326,-0.12204818236658621,-1.8077630468669579,-0.7434053284175839,0.33377184504261237
0rGeJ0QN,-0.4971597809557706,-0.02811171344272889,-0.8574147231920417,0.15676927281331743,-0.38891089649975896
0sXI9ytQ,-0.4790978370014627,-0.36229619644744826,-0.1913412877488465,-0.6055398435971888,1.7820681677992027
0ukt4aP6,0.586248345334353,-0.03918692049227257,1.5036700962300618,-0.7729606135196896,0.32615007296855225
1AGspb8f,-0.3584903536652191,-0.4499560157892004,-1.2039817954769116,-0.1346243491887158,-1.3813511712100635
1Csy0gvE,-0.4495649610411774,-0.18789613074567324,-0.004951153807487785,-0.6125830387998299,0.7381891403814578
1Ic2hly1,-0.38792543941821256,0.1736046491132699,-0.5162048337624494,-0.22644276819098152,0.5880115467975671
1PPbaTwt,-0.388399700842855,0.12044060416884594,-0.5412248339193777,-0.48966407381137245,1.3305099892348906
1SO5VJNy,-0.33420584411436627,-0.08515214350790057,0.09727017930709714,-0.3683899481418571,0.5316067802456317
1arHxK3Y,0.817764716665407,0.34331127316546617,1.7970807415677061,0.3000888979915821,-0.132636477339922
1fCW4Bba,-0.38322798155098914,0.29712565600585794,-0.6791847218303158,-0.6047127776326029,0.9139252490484537
1qDZNvIm,-0.47827740111864747,-0.3281531382217393,-0.05426801896645905,-0.7238098252935465,1.1943316715786025
28LYJC2V,-0.3660932048964596,-0.21732468700064356,-1.0001403138153275,0.6361025234466346,-0.9066727676799289
2CzACvQq,0.6032633894160981,0.44383005848432067,1.8464678484103931,-0.37423906277833296,-0.40223459573120834
2FT3crfv,-0.18919685465920244,-0.29236597449015544,0.23103127664058754,0.1412406584752084,-0.7700111074324454
2Fy2uHVg,-0.495067390289877,-0.14880225230443767,-0.643470706530243,-0.4002321145187757,-0.6278100933375228
2MkMEApm,-0.3598598131351891,0.008675375791438178,-0.3371511182881388,-0.6376423751187481,1.17999126971592
2NDGWEOe,0.8678292217032877,0.3673745517253453,1.6275677705314227,-0.7738278484373673,-0.2956040532315498
2NyyCiqn,-0.31846588152206,-0.11262190025989849,0.02135406534785922,-0.4267320565538917,0.5092007342315483
2QRzIb84,0.2028730978741451,0.4960698568338673,1.8366176581801117,-0.5811011067842351,0.5890852318819739
2QcbdrUZ,-0.6642022599175461,-0.5268617252313446,-0.14878127945075015,-0.3175524493697317,0.5736132195115218
2YgAimWK,-0.3100257617711022,0.06654415578669859,-0.14170906979847153,-0.6002027277507018,1.0472187266927406
2cx85d9H,0.02956471286557738,-0.5112061640975183,-0.18299755873748857,0.31852645132788027,-1.0814279566568459
2homMXMV,-0.4269028475850418,-0.017902847719585502,-1.5157228994425989,0.1546133134408869,0.5983680342942321
2ldLrUtq,-0.380239712462243,-0.31757868170824377,-0.17596224263092175,-0.5149575728389841,0.055923823446939025
2nsACW6G,-0.3370768458148077,-0.6119067129329663,-1.7048533709901132,1.3499333689271502,-1.1025879018446219
2yMbVnWc,-0.3806049293629612,0.3374112684023318,-2.3035509053706757,2.260481598960933,0.2897007639672964
36r8sgGQ,-0.3924756337195858,-0.2760147846292851,-0.0033277417194224057,-0.5943432659603509,0.6447196397673807
3NXAXCl3,-0.6865094686667716,-0.48966213960737814,-1.5980278714196086,0.4264401615757656,-0.8501350461872832
3QG0z6fl,-0.40235580428583395,-0.04772436617894282,-1.5097192215027828,-0.5674677826034618,1.3393410727227675
3WS8R9qm,-0.7604786040832905,-0.03665902508145091,-1.7689235296290828,2.382605110877403,-0.37715976385322136
3fRLm8f5,-0.3400631067783606,-0.061944247333474145,-0.27263590730694,0.14758708752945537,0.2133522969877859
3mZhp1nQ,-0.543285767709166,-0.5647444124915522,-0.4019337273380099,-0.5937281406020425,0.87696469710054
3pikJXRL,-0.6315605509348088,-0.4538183485692455,-1.589735128675093,0.44780018759795936,-0.6661077700488462
3pxOEGHL,-0.4272729818216603,-0.25748601290068773,-0.49752434147057123,-0.6410413963756305,0.7756945091480887
3ttdV3f5,-0.625221716184059,-0.11709402955783599,-0.3946800320707009,0.04024660780144629,-0.8772234832280148
3v4X6Mfe,1.0403687427574924,-0.21014432306491226,1.583738826006547,-0.6785465832843052,0.23657597881331327
3wORuPiv,-0.6186673075976059,-0.26933961317444055,-0.6364207411629561,-0.10785693641880201,-0.7968513395178931
43EfrxZj,0.10858542264901283,-0.05627195015766784,-0.4718588201455898,0.12545596662605973,-0.2860368056533602
457Vwm21,-0.04758408084620802,-0.09046657569341487,0.12736004966019188,0.5564214620746775,-0.7786022566320057
46KNnOdx,-0.43856299825114453,-0.15852454736976807,-0.8558373087473594,0.07194401148101903,-0.3282295565549518
47TwNsVC,-0.4260341433113708,-0.5591476871177177,-1.7886586619715583,1.5197319061955845,-0.9019151322671277
49856RpO,-0.4083098748691909,-0.40186655848264063,-0.8217189186875569,-0.582053956505451,-0.9501493056664785
4Ane1o2N,-0.3209351065610817,-0.27877596442611985,-0.29587999341037197,-0.4156502363146224,0.0489192344273377
4AyVUgSc,-0.4317296731355227,-0.15281082585441919,-0.7152148864408812,-0.7761770751237869,0.5609023359364826
4B1951On,-0.15348232835043651,-0.027830731049095725,-0.15449016253477588,-0.10417795979516953,0.9405719225527278
4OL39Teo,0.0037274676702154785,0.09665099487484685,-0.28565357497835997,0.20017865960401693,-0.08949586947661459
4eQ90eLY,-0.01379296475300995,0.10641630470310037,-0.27183768950953,0.48214741282320617,0.06663201025191512
4o5jwMj8,-0.32213492692284396,-0.47893240480242394,-0.6214510383117524,-0.6997919269940844,0.2320211773810641
4vPgpl2c,-0.38995242065488034,-0.296061181831635,-0.2186335171729663,-0.7947799888013556,0.556079124598206
51r9aA0d,-0.39795369025563465,-0.3655679781140746,-0.36245580441276637,-0.8057904071045137,0.3100450872079321
58SmeRoP,-0.23438376611869804,-0.3513211162080436,-0.10992755233268348,0.03946082449895627,-0.47795003950755444
5HJp1AXn,-0.4339549905229787,-0.032244213066394245,-0.8514482159650836,0.6497883660824577,-0.2779386180173944
5MBZW7fx,-0.162051263083812,-0.1229287907162755,0.8993978385303851,-0.5987580429598616,0.20050628373167712
5Nq3gHaP,0.19396860591819953,0.3589672178423031,-0.08792965524366103,0.7209676493005013,0.13678606911003754
5RmwFFK3,0.5441784637565079,-0.036157910346434896,-0.15249031012944236,0.3129403810018907,-1.4884272365995272
5Tu5Jbov,-0.40146918108843144,-0.16298744490812833,-0.4336876713136828,-0.1926383110374168,-0.6190211528861695
5YEolkev,-0.2753358623353406,-0.3166346324014624,-0.2998806294096905,-0.420663126028348,-0.2683965132792636
5a8sf6QV,-0.16828220920655346,-0.3749549976246156,0.6640934921554251,0.03117632929591352,-0.9106476934099064
5eSvmqYm,-0.4523951020850645,-0.29222617610683965,0.058628994614318586,-0.39107821628092054,-0.5879550926367969
5hkN8fiv,-0.2938195083974633,-0.18502967005587134,-1.2162027962083268,1.1253500214890941,-0.5051329435938712
5oK8Gti5,-0.48618286234563035,-0.007442449616962499,-0.6790603238487076,-0.5490587244974172,1.7374949494608032
5paniGaU,-0.5198118463590062,-0.4086363996857356,-0.7878359253338569,-0.8413180677569194,1.5119052018535868
5vsr7ZUP,0.43674271089690686,-0.20703173530181385,1.0878966716866305,-0.23575449147917382,-1.2149912382069417
60B4xMWI,-0.3642760126289786,0.10843765744358524,0.6427011108276108,-0.8412521934522097,0.9141571023551265
64jOUtKy,0.2317662194550949,0.00234682961764765,-0.501366337347454,2.3637413200606083,-1.3072000116621822
6AJo4xNG,-0.43300848084112564,0.0251811044163448,-0.6537800550713566,-0.019925078682508257,0.4070558044422299
6CAvhEte,-0.2945813977680145,-0.07963377780923775,-0.8428247726630982,-0.2798072259672786,1.2237732616597512
6CuGYjT5,3.305250657016187,-0.7287437334507443,1.9504949693127944,0.5655993082911941,-0.9187523872114625
6DGH8ujZ,-0.3200672923734955,-0.22076119207121092,-1.2094471499474277,0.38401794491094776,-0.3557299114902648
6PzsGdVm,-0.3130810364168055,-0.1132199447629203,-0.5890560660616213,0.5124291892209207,-0.12327213489771083
6UcSJMbq,-0.5001738615450804,0.2650423099075967,0.9700375479701595,-1.1635772275683571,0.6708636139231103
6WJbkH8U,1.3350402569472508,-0.41883656193475627,1.7248997184988273,-0.16969439519359142,-1.3805796600803362
6eUWsVzw,0.3555324726417539,-0.2899354118171571,1.3306477874775826,-0.26418400701438216,-1.6376447423207807
6gNyO7Do,0.05105665359002254,-0.3598860585398027,-0.029190365261674955,0.6704430313486505,-1.0721061930160758
6jT0AyHe,0.18435689065751015,-0.39912267296948567,0.6032029671971575,0.27133818599416415,-1.1307804779232171
6nBgCvWu,-0.6899071583088143,-0.355500922287308,-0.6601601447789474,-0.5058659649605666,1.3064238526719478
6ro5mqg6,-0.36151686593479004,-0.26007140449017907,0.18632645612547982,-0.2870375149675688,0.2719367655609304
6sGqObX4,-0.5288120994841292,-0.28356785639515447,-0.6829102984536259,-0.5020626533185073,-1.0296593721149563
6uEGy0n4,2.178250531250852,-0.2993189612025047,2.1663081330541534,-0.7341302369529963,-0.9058342435277424
7BZ4LxP8,0.00795919808348211,-0.32566208932802265,-0.029349495864371633,-0.5061326147849918,-0.5535857176361603
7CmigXKi,-0.3746316351493433,-0.07279855506384347,-1.2777384694745617,-0.42625220097285776,1.286796267449894
7Ga0LpfR,0.3928580810557478,0.6343785659501124,-0.950280025668226,2.427769353298782,-0.9855102090700925
7PQsFvsG,-0.34695429416700696,-0.09153065539520622,-1.8344438061037547,1.320324707720129,-0.22739324347411838
7aF7nnwn,-0.5258467365987953,-0.2863977922734078,-0.9066565684954551,-0.8269181470334566,1.3243708485624452
7asGzfX9,-0.21110984522459963,-0.16564808334713899,-0.4460613950870904,-0.32999561303383373,0.1287696859137455
7cg7C92o,-0.3725170352885825,0.1522871589604735,0.1723631762856801,0.824771092189831,0.2793352468959327
7eOxTpsB,-0.5082355833050669,0.0249559830890691,0.5503051732157562,-0.7540928980449912,1.3462513053023386
7ey0v7ma,-0.7217743279147171,-0.4605354466302627,-1.269408470325052,-0.028038699273356116,-0.9931688777315841
7gocyrYl,-0.2795007275357775,-0.03410113454718822,-0.1869886003685135,0.7289060516998056,-0.15343982981521975
7gqR3GoA,-0.4466888812316383,-0.3665399136343579,-0.5403339019142006,-0.4594616637121085,-0.6261729344679949
7og7aUXB,-0.09240956489469587,-0.05179309935919019,0.37198573806041146,-0.096155587957373,-0.11379066371190305
7onRfa8F,0.041527060975168784,0.18607490779323843,1.1836850487789068,-0.23921762661008827,0.9541834530506392
7umkNuxM,-0.19979985280446177,-0.14580273344289463,0.12248925680274603,0.37343853962213913,-0.6436753642095354
7vPr9ExD,-0.1611714246504916,-0.4805032955382442,0.34066709282229546,-0.003249592079345831,-0.9678131682928992
7zNjpCzu,-0.5703143459444973,-0.37569225084824875,-0.31260675705515517,-0.17861197307299292,-0.9177207419144437
7ztsQNj3,-0.4600455287986178,-0.2308810858012178,-0.06699243865999982,-0.09201243953045335,-0.9621028946860619
86gppwMI,-0.4982729754332822,-0.24514257037479847,-1.740577824160928,-0.782999291201822,1.1181678956860779
88thAGdL,-0.4139038027992128,-0.4256459292791872,-0.09916903632301022,-0.39722340114692045,0.039552156416768014
8GhU8STP,1.023584255357092,0.09533218438992908,1.6263935716399462,0.26405893037120265,-0.5764065936527842
8NlzDcWe,-0.4285867040720759,-0.14818127517172552,-1.0983253434503606,-0.7796938704693908,0.6849847121960764
8QAejdLW,-0.2059553629064239,-0.40110320864004034,0.042503520751788315,0.23994255558885058,-0.8901292000735666
8RDeFxWM,-0.30205854440686286,-0.2615993134249832,0.2312581053759093,-0.6869480934563121,1.0690818146921757
8UXP2NBS,-0.4440140658356895,-0.5407739252395798,-0.43130344607606297,-0.3302529367063194,0.41218582672929216
8ZoV3KGT,-0.35094896499816874,-0.582065907498861,-0.12028985217761168,-0.49317390866123745,-0.36760559461497877
8ajs2uG8,-0.40297892693019,-0.3605567201502593,-0.6065232275873225,-0.4841849631482269,-0.9376055839011244
8bXnz62p,-0.3846361377540588,0.08608903799632817,0.20963794071054487,0.25418556827046856,0.878934794979223
8nO1O1LG,1.766599430613097,0.3155705136923759,1.741395054768427,1.3385557538942798,-0.8467883918763661
8xE1p8g8,-0.4192649703667839,-0.21948935710769302,-0.3539306578290873,-0.13827445660696824,-0.3034564339828236
8yMDVMRM,-0.4287195620613047,-0.42787524639514896,-1.2054653801235329,-0.5973466452503722,-0.7785555836621754
98R5VaPi,0.5479508713529513,0.35394997507593207,2.1635803248143564,-0.9310111756565398,1.5445528188305744
9DcTz2Ua,2.4999814834705476,-0.39319115808483485,1.924908788499815,0.5561673690947195,-0.9003100430617437
9G7nfUrK,-0.27574434748152177,-0.027503590667936173,-0.58502957350378,-0.5143795558449433,0.7654152706818209
9O6GZ1HT,-0.2684870695779309,0.3762532608607332,1.0332491011611271,-1.083647205927054,0.009921367762679267
9S7fCoAM,-0.7014689250776782,-0.4548522898294207,-0.2707950999708739,-0.28906794061392205,0.7331720928666599
9iQwmFJR,-0.3104960552267939,-0.08427621679946906,-0.46908247958594096,-0.42422197707744047,0.9510629392039576
A3Mt6SAQ,1.1609925553598814,0.3191247775757917,2.263154706156465,-0.8816191652547509,0.6651429952740173
AJIsQIcV,-0.2685780039022929,-0.14676286077427658,-0.9527307652147012,-0.27532129244879755,1.1388390607553518
AMHKXMh8,1.973465826652101,0.3252403276792508,2.1368603769076433,-0.5339108223313538,-0.7097927570355793
ASwA2J4E,-0.27537649652134766,-0.0879265709281638,0.37121635031349776,-0.3895099149274479,0.5294963277019988
AaFvEoHq,-0.49885774081343603,-0.023282194041700954,0.11262329902047874,-0.8622629443014098,1.005245432230744
AiIPD6hX,-0.027491951040646168,-0.041528984036619754,-0.6667257423903177,0.3866411701485326,-0.13239620505873262
AsIURvJS,-0.31287032542098947,-0.3319133516397299,-0.5219620739153381,0.9799278889324619,-0.831735627371124
AsvgbJ0C,-0.2109760059306054,-0.006064447473351997,-0.4237624402162421,0.8603138798136847,-0.0012191354855914938
AxEhbkCM,-0.34129947507375524,-0.5098661214042179,-0.7895861731212701,-0.7189189845437518,-0.7401180296733045
B7VPkIpx,-0.4635929085911257,-0.0484808082455741,0.4982581694564576,-0.8278929734767821,1.1882378604824524
BBwHqHiH,-0.022993910144977203,-0.7297867648658096,0.5329106493991365,-0.12930812050560192,-0.9351527944214624
BMyps8hr,-0.22561298656404594,-0.5137309398569299,-0.6568998586860655,-0.33166354085075866,-0.8390855171247367
BUHS4dQw,0.3079499839510036,0.1876455079818813,0.2736522578163747,3.0798483491237043,-0.7864378275399062
BZB3EYWQ,-0.24142709292522246,-0.05037370077660608,0.16631318059763522,-0.37916198744439455,0.6087039835835597
C5UPCZcL,3.535059897597931,-0.36088469727200145,1.8348045372511113,0.8227633205626539,-0.8077928568405284
C5gIfQbJ,-0.3835409095831337,-0.39629303626496704,-2.040525475658333,1.3310327019264427,-0.8989602931469207
CDRuu4Pn,-0.32285169114988,-0.2385346456930959,0.0019181869379369942,-0.6727039494969809,0.9511119524437461
CQhTYkqE,0.6055290991894808,-0.13755043900526953,0.7221645669958523,0.7130186860042436,-1.9955463613142612
CSEobMXv,-0.5924355060273583,-0.42070404175045706,-1.4134218334497657,0.4089066683229525,-0.4364361866711235
CYMQE4x0,-0.027161808001836985,0.6072752231457459,1.2786927085080695,-0.33215509152593725,0.8531009533789486
ChQdtl4J,-0.5385356771752767,-0.6203248022229557,-0.31047854947200015,-0.5952251638398316,0.8002565382450442
ChnD1nrN,-0.4019648146199315,-0.17671584400703733,-1.1496654695251802,-0.879837590229517,0.0391601281259355
CvtbbIcq,0.9961371478753436,-0.04189399104324121,1.6504541410181535,-0.24044652710906078,0.3010066260236286
Cxk06b77,-0.2969901688415475,-0.05910506278268013,0.3593110386664282,-0.0907968217795947,0.358142573318311
D3QD3ZEJ,-0.1559697643928657,-0.03930704288721909,0.6076335287527943,0.4178283566491068,-0.20542597034192767
D8J5C6lA,0.6505920777177026,0.2772255504742249,1.232110378659181,-0.005433970597341187,-0.6481408516109965
DCeQwYfT,-0.22710136482641152,-0.1607784206662357,-0.4994908799874249,0.1123971301751503,-1.2240936121149772
DDEftkx3,-0.5014912030059704,-0.25700655941271844,-0.8651800867669319,-0.7309603574078842,1.2687834058759577
DEwCfeDW,-0.7092235412168875,-0.15167442416349086,-0.4160613734782057,0.006514740372249861,0.7438150087145416
DMkIV4oL,-0.45332974649540025,-0.3512410570528912,-0.6960621147165877,-0.6288858580908432,0.2887332880551199
DnzGfbxS,-0.13545753249076276,-0.45827730656764043,-0.251969905854585,-0.06660584786438406,-0.6892534123636764
DoZxo6f6,-0.34634887952182813,-0.4177608766540173,-0.15060243094034398,-0.7826894300531144,0.6655985554528812
DvhBPGIk,-0.4272454310425373,-0.3094008029902282,-0.35625532714742825,-0.33732032825789204,-0.3971131929439409
Dx7GoUcT,-0.7780792335819924,-0.46909936274549846,-0.7751556776297459,-0.6459852277978548,1.3760467365520768
E5hIjohO,0.5638700344321124,-0.5195605053995562,-0.13197007240568404,1.2622477085244377,-1.436369600737315
E6x4XGHt,-0.42956635687682043,0.016415438405613436,-0.5879777279903831,-0.4087287131722128,1.5224998920049657
EDEpAzh1,-0.5011410586134288,-0.3726922668074506,-0.3257509688828488,-0.2606548913825186,-0.7447452981693843
ETGudkQt,-0.2549448201847908,-0.0729810531247379,-0.2488680145458968,-0.6636323574791909,0.8009143913851986
EUleKrLJ,1.783024509194148,-0.12576131118202039,1.9409264546272968,0.37934487120422133,-0.3040971182134271
Ehw2Jz6s,-0.3879370221006311,-0.23831440017419236,-0.06934440782923978,-0.6169705420786791,-0.21163123010236262
EjqzC4zH,-0.5806247796585366,-0.18467104956833946,0.04731698856154232,-0.825303734784729,0.993209238971339
EkMZO3Qj,-0.5185974780865208,-0.19265416798042434,-0.3663128899267942,-0.7492421843033021,1.0063785801428722
EnoNXWvU,-0.47078284181174146,0.3123885299892324,1.0472130753989948,-1.2247593939262238,0.6393248272358463
Epv8ANwr,-0.27919208069164503,-0.1369831229176155,-0.18526041541757898,0.5118814880909035,-0.5074622931349708
Etro9j0B,-0.601335311719994,-0.039062542900853536,0.3941000900640663,0.21282110108789354,-0.010858392630858305
F3MIZj76,-0.3827675827464545,-0.4055208518302491,-0.65847044200199,-0.24848671173619508,-0.9221098598730393
FB8tU00K,-0.36852001378378096,-0.175244949718933,-1.1196721922353756,0.4388029777094111,-0.8214180992715043
FLhxBGMK,0.18028377773185733,-0.36956344135159025,0.7896246915327172,-0.3100648144607199,-1.127038951756468
FRreR8ka,-0.4759189463442808,-0.5354059600058347,-0.6672296042486234,-0.3486631283801849,0.7390329894605046
FXne4oAV,0.5293648019601833,0.026120464060125137,1.0254405680250418,-0.29333704342549893,-0.8231888419002686
FaW764jk,-0.5265225984643975,-0.03467351397465546,0.38933996924425607,-0.30633173769253474,0.42402366059764773
FeAbMXly,-0.43967906598521855,-0.35165421049167644,-1.2848976782874981,-0.6428306894302018,0.6070940844625525
FeudaFXn,2.3609526390251276,-0.26400920302693276,2.243171743038838,-0.9780278171326877,-1.1976216280637502
FldUmFeM,1.2476068863366536,0.11459423211455277,1.924363733409118,-1.0749151009538487,0.6513270925323198
Fnv5tfAm,-0.4272137970050962,-0.33765237402166104,-0.34885473792882316,0.022147877684101758,-1.4346787310664908
FvrAd3Or,-0.4886598008583305,-0.013768408891325912,0.8615633695703853,-0.7905653484065347,0.7927915465056756
G48zHffi,-0.25033039826070214,0.4364428536373568,1.7154017468985874,-0.863333161224336,0.9759837767317165
G76zCv5N,-0.3563372848706776,-0.3400038932686469,-0.46042838951506404,-0.34948429560769867,0.014694281053870384
G7JGUdNf,-0.10348547448433143,-0.5220555678915728,0.528810665519595,-0.1663179995419064,-0.9428444241686051
GCo6MONx,1.0543901570959506,0.14783033194090667,1.5771679077206588,0.40199115280868725,-0.5465382652617095
GE0vbpVQ,-0.20024494754346867,0.1899671443161539,0.10195085035867102,-0.40144054226745496,1.0248026776968757
GN0DfOqt,-0.2860580537885098,-0.12425814282322545,-0.48097353133493037,-0.5029461099036503,0.5386354314022199
GNsTAb1v,-0.4685860848471193,-0.39707441464450977,-0.6715281854053412,-0.3527120748438115,-0.8112990584069664
GPwmO21z,-0.3071789953314137,-0.36828515385512883,-0.40740366745057166,0.1459198426884818,-0.7082269044199663
GQYpfLoh,0.5620053520074735,0.05518926617061215,-0.2373083579352535,0.7781140401068392,-1.2042891578116937
GR9knT8n,-0.3257570741065492,-0.11059277621187658,-1.6882656719610534,1.2507308267661124,-0.2553826006892379
GXtFFbZy,-0.021394507144977037,-0.20283042566460363,0.4151056690191215,0.05861194368592848,-0.17390322790938484
GYvzvvFD,-0.5534974237938868,-0.47735166147684804,-1.3228664707587452,-0.7782047456046435,0.22238888582794658
GemPjTJ9,-0.5712285229023464,-0.5823701253993816,-1.7651839170634869,-0.17567387715259386,-1.2767601054481688
GkLYRm1K,2.4979185445213816,-0.20591183614577613,2.2524938045023735,-0.68291976888192,-1.1955124093283231
GmlqP8eI,-0.3305836888307012,-0.6664988631809932,-0.9773871904933369,-0.5224377142447061,-0.34431906174548743
GqkIrOvf,-0.4294545994002319,-0.4993787701850918,-1.0421986516882864,0.46798350174797676,-1.3756743893796894
H0fsegPi,-0.6056301702560076,-0.38445100605166527,-0.11030243105709836,-0.5293270248419226,0.6184571633131171
H4dHpJjU,2.191003657583279,-0.1157878972971842,1.7674242911377949,0.36921348574854207,-0.5953729147854219
H5QwJCuU,2.417267964404856,0.9706191589794004,2.018429736610196,0.7021872309617088,-0.314870848788523
H5uwmSZ0,-0.4403828428980332,-0.3019090962315998,-0.32387311925548623,-0.6045795870939124,0.8423291759734539
H8MtbVoL,-0.33709490524455665,-0.5985044394155805,0.14352598234837366,-0.4864293869575427,-0.2585515830354197
H9JrUYnp,-0.48854650934157595,-0.4096681123146366,-0.5334263716392709,-0.12149763640242739,0.7333215312504038
HHYmmHVk,-0.38628427961833856,-0.3330323107747857,-0.5892915932258713,-0.7477100687695106,1.4509741696372842
HJ5U4uqL,-0.5942302146453939,-0.21914383372494495,-1.4829719332549214,-0.7080013065103863,-0.09945439674094558
HNQxYc4w,-0.1841073850577586,-0.46010368327096085,-0.3240712119033926,-0.46288116400571155,-0.27242571546570815
HQYhKHZ8,-0.4497163447153425,-0.36205558239452085,-0.5943178129059472,-0.4163473484202491,-0.059546969561203866
HSCMx0MC,-0.3676434094062997,-0.2234136396045754,0.2601457974742605,-0.7165354208116419,1.02180165390957
HXYuE0fx,2.1238154425132607,-0.5118694279753866,1.7318434654112114,-0.08515837689244066,-0.7705090408514295
HdKcxEWr,0.23585359456006794,0.5509146323856955,0.08197165753609603,0.3364538253911,0.5184395427187738
HecW1iCC,-0.6181890532292882,-0.3182129221668104,-0.4969985538398216,-0.5962156053817758,-0.9277107702979137
HpbKB8rv,-0.6699266878881089,-0.41653197040794776,-1.9255649467163405,1.2631611019635152,-0.32622654721344446
HrkoYjCg,-0.09396662514285614,0.06172571125081294,0.03675605589115527,1.0017107562336882,-0.9741529655679173
I5P2uquT,-0.2779527986535313,-0.18941915104004448,-0.13686081565423613,-0.3037015209418037,0.9457068150403032
I94qkDM7,-0.5149897302512172,-0.37349028510105864,-2.1239392383708857,-0.8557504340931423,0.37720890860587275
I9sQbtt8,-0.4961608907592008,-0.25067343558565636,-1.662099336300562,2.0432641090849124,-0.4414723852649942
IFxgw6ZX,-0.4016969658691223,-0.28626817276016236,-0.4129858960541153,-0.4616170451452213,-0.019663321274116186
IPPPSyoU,-0.41102427675053965,-0.22800343089874087,-0.8618797278856984,-0.19153416385121957,-1.0050124943947125
IQOYQubU,1.5049190652530897,-0.05071605933152323,1.5232630540574608,-0.01561345266215497,-0.3954517802322286
IYNE2SxU,-0.39599744455921515,-0.26566951557468865,-0.487468586167088,-0.1431826926934896,-1.2576483055030607
IZRFk9kN,-0.06957566936802229,-0.0404700478256812,-0.17029658309046702,-0.2479039716252096,0.02353654009215944
Iaq3v0t3,1.2088039054265765,0.418109548023506,2.27784093989977,-0.8510526534344258,0.5732596359023674
IbVwu1t6,-0.4250260588664232,-0.19137348718958247,-1.088656062076316,-0.09394185149155376,-0.23405344546076634
IcHKTLyo,-0.18857112534391396,-0.36076995467009265,0.12199395576250005,0.25411082900084736,-1.1115082611156808
IpW80wVB,-0.26724550902548705,-0.06329340654700655,-0.007188456534768406,-0.22361570299360167,-0.26016627029928685
Itb0PYUV,1.7638587635242957,-0.10605682297590402,1.9145956682211906,0.857935458299135,-0.591089471017817
J8fpSwS0,-0.6281138837507014,0.015523033659531116,0.7125195264789088,-0.9283156962581138,1.4744736925600037
JE1SlbD0,0.7986752097045255,0.056063827974878855,0.7885953905499807,2.147091560665313,-1.302818994357061
JEB4McNb,1.2467612479172758,-0.37866338474394734,1.525885509477357,-0.034366410749289145,-1.4421824195535393
JEE4QVeQ,-0.22293725678031384,-0.43698090399174117,-0.19427984991624747,-0.504084661569113,-0.9623098238899885
JJSEU2VQ,-0.4440302091674666,-0.20502391585613378,-0.4269809129325406,-0.6015338531358516,0.9489603496166481
JSsVriP2,-0.33275115787859155,-0.06858535836726087,1.1396156246553435,-0.7441333124204625,0.20970226729279062
JUvQNiOK,-0.046398882538996045,-0.043737537838739904,0.17250567058455069,-0.3108878967884898,0.2813347556218062
JZbrRtm2,-0.25309014490852766,0.29937732521194693,1.1735506855182027,-1.104564483376425,0.4794734918209329
JcE9G92B,-0.19664577104544056,0.05265186345878892,-0.05771911958321674,0.51327442141449,-0.07815503300789572
JnNYpXHr,0.10907736948826008,0.3556596744074456,0.12268911868546617,1.9987020042046701,-1.2575375258967583
JzpbnOtz,-0.5413291350664067,0.14146805364908932,-0.4546580308049126,-0.7152195555907106,1.1230007584895887
JzzUhPQp,2.464877729522924,-0.02597200577746417,2.2659449351697365,-0.43135399219660897,-1.2006597296151753
K05R8dQK,-0.2678126035856976,-0.2450942806572014,-0.6490318116261644,0.3486323818899386,-1.2519644766082578
K17pG2mG,-0.3153302987106499,-0.3493750173456531,0.5147867520918314,-0.7565257459816799,0.41221505478757337
K8BellUe,0.1962291700597789,-0.675717129935026,0.2129589020592082,-0.35263719051342335,-1.7638618555018226
KJ2eH6rr,-0.2248076734344422,-0.5799909805618766,0.4012963683496853,-0.6655790636348407,-1.575535772725651
KJEJ6Glk,0.8087452422310535,-0.15113448885039116,0.8320851999062686,1.5816811478673394,-1.404507909848995
KSbO0oXS,0.3101458885126349,0.19005169963112412,-0.21168560141130932,3.263875000674698,-1.712675012353678
KXtvmd01,-0.38176367136878886,-0.3104933428467005,-0.2619836529508941,-0.4926204889004744,0.25241944942454353
KYiJqBuJ,0.04635721249047586,-0.47614519564102675,0.8040420009601892,-0.6556802422762935,-0.9365204962234586
KmbAyTcE,-0.08945110610733442,0.027438981172065446,0.14548374419019616,-0.3721955125709151,-0.024703139706609534
KnNyl3rV,-0.04985169019386282,-0.005438482326996841,1.119352985746227,-0.5059415672456176,0.8426147125854655
Kp2DG8TZ,-0.5716224218835477,-0.2245599346424454,0.08954481160845695,-0.735013563289403,1.0051639103521168
KqQtKWs5,-0.4984207883584886,-0.30065862995978687,-1.0183009576169209,-0.6016578330952775,0.7117628386668926
Ku27g63R,3.1134296056030153,0.08414227864433332,2.0875224661938407,0.139862284240035,-0.8367187806708145
L2aTVqDq,-0.417772691091558,-0.3107329512822501,-1.2152570933294466,0.9188202005072803,-0.7425160980103485
L5jvq6G4,-0.4674348450457173,-0.13540613159419745,-0.8335326326882662,-0.6950792026798531,1.210415596039617
L91hYVQl,-0.42643124727368464,-0.5017889388072829,-0.961054137270585,-0.8833075694690429,0.35175382328962
LINAMlbA,-0.5113992401279019,-0.1326966126734872,-1.6319437340464358,-0.1343537330183331,0.32655427400437276
LJoUNXSx,-0.2817116940472615,-0.2316745650432379,-1.5084427710319144,0.27788027533391,-0.38006659073263194
LLtSiyWD,-0.39392644048388226,-0.2633621678751181,-0.47842037685790295,-0.4469669764073565,-0.3705665044677673
LQJtV8kn,0.07067518161107822,-0.48997265132492185,1.255392866936754,-0.2151983790379468,-1.3007287712221327
LW9uddw7,-0.6986231606874198,-0.3418249964215532,-1.247202795848116,0.8934930384586828,-0.8718797409746557
LZ6sdBTR,0.8873012791141819,0.4761049918370306,1.542291614357291,0.24036431161514926,-0.4272380292097395
La2Vhnne,0.1786107335497591,0.02455380743141422,-0.5447265790883105,1.476201610639901,-0.3944187570254698
LaUWSq9B,0.0746928804515492,-0.5284013328937247,0.2053083413131933,-0.1668067464531937,-0.851204731019628
Lk4SfkPQ,-0.8403836540914553,-0.1792374067845115,-0.43677938069889954,-0.31970895096016605,-0.8674448352243971
LllC836d,-0.22660298902195697,0.008991886087653889,-0.16608361234874813,0.7658362646927621,-0.21495971371543732
LuGiGeWN,-0.48577385346783464,-0.1909544990085008,-1.4528827053593343,-0.5767325593067376,0.6791711074245157
LzcyHcWa,-0.4345461321758548,-0.205179233274964,-0.7227842115723799,-0.5511034511444173,0.77865009489404
M7veP0H4,-0.4862309614395044,-0.4773866455625351,-1.2257548441730162,-0.4057260562701863,0.7235233250346269
MB8aaJUc,-0.34479061106361675,0.019897298723674517,-1.5034177420632115,0.7667293519182117,0.6090013852644987
MDpe2zuy,-0.5792095803921611,-0.33235215112471206,-0.16453739208303908,-0.3390593759920826,-1.2268531064813928
MEzdmEIU,-0.21581047589046554,-0.2957032242447779,0.014504835842453545,-0.4099226026690026,-0.023645653906037012
MVnhtivm,-0.3641025104802238,-0.3363630901449026,-0.3039234061043228,-0.16446196471931174,-0.5222951413069765
MYU7WDis,-0.4687912343301277,0.009405787609478189,0.4207093207676369,-0.8375211230529835,1.0745218754495411
MZFqh6yw,1.5158889379695766,0.465274918537955,2.427598157630891,-0.5309354232638448,0.6539340361132204
Mdgy4SsO,0.55178244389259,-0.023100709630841543,-0.31172413650755537,2.373276510783608,-0.5717782939735727
Mj8awnzy,-0.35838595286299,-0.18661358912321457,0.30352684092373217,-0.633983587725897,1.3895259716617616
MpFPbUJy,2.4306778242276423,-0.051549895221785214,1.8785621364677443,0.7103180229516788,-1.0677745419083564
Mqk7MFBM,-0.16657171461287268,-0.1623314964353879,0.005078981588676257,-0.6385996026517837,0.7763745227924588
Mqs2t1Eo,-0.5473934319092577,-0.3412780658345467,-0.3541406621618446,0.12462488413278194,-0.8096821777835643
Mv3jFVxp,-0.3076878715077682,-0.1115658621938449,0.4549221052514074,-0.12414159074502962,0.06454167005674805
MxODTXvA,0.16962428481343617,-0.13398986613082098,0.6996027974839851,0.06295772239557706,-1.1911513112700547
N46PbpPM,-0.31385162076497997,-0.39886136347921575,0.38441464643029555,-0.7206537072759325,1.2418032816979476
N5S5F9Gk,-0.5356713740915793,-0.3523331195738022,-2.1299839357086423,-0.7753018712508215,0.680601502371367
NLDg5fqw,0.3594955463091183,0.07667446652977805,0.7901209269075569,-0.012375376939207428,0.03671506730959351
NOho2ZiM,1.7851779597154391,-0.2973881648631389,1.7837613171971132,0.1393076760652825,-0.7838343334397777
NUuY7PFU,2.0551105161135284,-0.06961005272295306,1.7656449708865782,1.0540352098016506,-1.1770020515657151
NV1e8AEO,-0.39253035587847895,-0.08709734006514491,0.28504276634931536,-0.49832320497423055,1.0156925281759541
NZLXROKC,-0.02649534889082039,-0.1739419933301063,-0.2956379175413897,0.939455766353813,-1.4566812517524212
NaJo7C6o,0.4097242695830219,0.07744634410847784,1.3407925485216854,0.20655019362423488,0.4338976420943439
NgsyGkrO,0.297498588670861,-0.3225843974760094,0.7483120118454369,0.6508149068488187,-1.250895860870422
NjOx4Zpo,-0.3605356714628569,-0.2941102277818457,-1.2143577795175045,0.8118099585119403,-1.5154139522099612
NmQoI7x0,2.2932614933793602,0.011404121726639183,1.970281040857353,-0.8558029209732645,-0.1670156499561628
No4wkdLS,-0.4829752903337421,-0.1547429546298984,-1.3381089769495613,-0.7910016233233996,0.19534010467325658
NouMwhOf,-0.05113203677632461,-0.1877256717461817,0.3373241965323448,-0.26934078175669995,-0.37357756894956395
O6YAWd8C,0.015590417969689074,-0.6861793216075851,0.5978345257358431,-0.2643664455106496,-1.0415623176750088
OAXVphSh,2.0147585722302765,0.2679371598433251,2.150158620429247,-0.46635909749490523,0.7851025453950982
OJBBhb6Q,-0.4397390451098899,-0.40212363945100815,-0.6372958349220337,-0.7575745318515779,1.4081320049492163
OSIQXImL,0.7298083902747394,-0.6564299438832562,0.3849754657303581,0.4003156692644829,-1.5788659287550146
OUUFc5Zz,-0.3987639581013709,-0.2918374110513353,-0.04874190738904893,-0.7248005812596325,0.9411322460766556
OVk1lquT,-0.08886669889528909,0.07033836320080145,0.44957359989735757,1.6773891146569717,0.4426970055004418
OXdRxjzz,-0.24732617302146442,-0.11959374592696559,-0.5748804605484477,0.23716248402000062,-0.314609960001313
OXxW2ekf,-0.43588019893144425,-0.4959563582651638,-0.6568496423758372,-0.3791475161540525,-0.22258856909788705
OXz5OpqR,-0.4403674599256546,-0.0464107654170105,0.7293421390256842,-0.6118701197572314,0.41040016220777176
OcBFW1AX,-0.5555698659067629,-0.2377143759758722,-2.4201967459782647,-0.12588102154019865,0.7091206451674523
Of9V2rpt,-0.16578522817730024,-0.35543597397371496,-0.09002098572249473,-0.0029495212345587163,-0.8179077485960349
OfLxPhbG,-0.2377757391863624,-0.028237300331954707,0.19586484965953765,0.02767149540180114,0.9685732778946559
Ojx2vi48,-0.41615493059765774,-0.20977876694631714,-0.9171183889306942,-0.6781661360280573,0.6854823256387945
P3M32iuT,-0.4534656725977029,-0.461967041120249,-0.5846413755686992,-0.7413556041608622,0.15909046987514586
P7olVzrO,-0.3973004020776343,-0.19712001919741606,-0.2535331270948884,-0.440827740873619,0.46049869438162006
PAPHErnv,-0.33646714391892507,-0.25783549060269007,-0.8894163709267016,0.1511331095636983,-0.6395838052093765
PBjEtfXb,-0.2781481018786862,-0.18434444021021346,-0.1975602406393957,-0.4034886746710704,0.395295532524365
PZGpoBBj,2.0821401818762397,-0.19208227233410735,2.268398337691915,-0.6269235409415792,-0.7960969365259061
Pc2RrxXS,-0.4056279636010358,-0.4404125408209323,-0.13068847771795866,-0.6919252285613489,-0.24830688595144323
PcHQ4FOu,-0.4576248309526263,-0.22760672798084425,-0.9322973105754411,-0.26652752998395,-0.015242598299629151
PeNyTOVN,-0.2011423429125343,0.13111604393453735,-0.4151968390942695,-0.17050063939838722,0.44070752473658814
PhUPSU53,-0.4947837339499883,-0.13868061269475884,-0.32727064034746967,-0.20962464934816083,-0.1881084078319688
PmUNeV2O,-0.5654958949375568,-0.2885585915382647,-1.4040130279095049,-0.8402118554656859,0.2459879325991281
PoDJ0uvK,1.9335584380383453,0.3977032331422494,1.8412852726319304,-0.13466204267367132,-0.18523157809459434
PsUJdJdg,-0.007944113254269691,0.11975306919886197,-0.46382127761943615,0.5079708970072083,-0.01822845363599157
Q3xLFx1f,-0.2778038956898299,-0.2759203073173806,-0.47367059243582865,-0.3505917876079998,-0.7081605071321277
QBGxCvdM,-0.2748939848183354,-0.4528966242833006,0.3521006170729013,-0.3428063382023261,-0.9800129393678034
QCEPyu6L,-0.4093886365394055,-0.31218814596649036,-1.0117059077226624,0.2151332555060712,-1.1595336179891476
QEfwec4s,2.891353931176637,-0.13162431908584704,1.9839462662369076,1.6123902346018717,-0.7136856600786743
QZ87Nnr3,-0.5941535367978203,-0.6635109751750745,-1.360408064885851,-0.587107400182294,1.1117667612797177
QlyGN9jv,-0.491037535337854,-0.16815937663794767,-0.2939016560719576,-0.4592058620180701,-0.25583295865470035
QqgWE1ny,-0.481110015799858,-0.2878747766871923,-0.3166940413921022,0.1643137158591621,-0.9031609894299422
QrjjBpZd,-0.5678793039673464,-0.3696119021342268,-1.7353905140305326,1.0434878982089053,-0.32861959535281215
QsaBiX7V,-0.42859947894652484,-0.3101426573339152,-0.21776415241378366,0.015558783726401515,-0.6070269833222071
QtBKJuZk,-0.2879530451304517,-0.008692330448854868,-0.27252198898553637,-0.22612693715906929,1.3732246553497376
QtPRO8OJ,-0.5533797141019376,-0.08476683569641619,-1.0529921791164636,-0.6565362006374649,0.6163114440196651
R8XcsFnp,-0.7861629551966316,0.12357180786694943,-0.26613278612307134,-0.8046251069988735,2.1071865709029183
RROfRt9z,-0.028949955285896944,-0.24444887407115612,0.289914261761405,0.15918461597832945,-0.8774119132680127
RTcbiDGq,-0.37959335996350907,-0.31823370235086923,-0.4610272640763835,-0.40457698868955916,0.018295057087080124
RVidM9g0,-0.3377959578614891,0.3134929217267315,1.6597673013036545,-0.8765016928152995,1.1388048346795543
RZnQSH19,-0.4744420639576119,-0.15351302979614712,-0.5574859954972364,-0.6726974872288061,0.9322483945170816
Rc4UK7fT,-0.6634393167991575,-0.3202358343023546,-1.2446782836800505,-0.7350138381878146,0.4266317299856226
RcKBKh6B,-0.37222779897041525,-0.06489294381389055,-0.26642475635093454,-0.33383742158800445,0.6618861827368292
ReM5kDa5,-0.27311846747710566,-0.44659811723885223,0.30737933808314644,0.029771746321085146,-0.976129372175528
RfntsotG,-0.47630376719502143,-0.22455770815394072,-0.12520195789942612,-0.6926486834734256,0.5886642667679851
RiXMlzXD,-0.2555992181928004,-0.32732818857310786,-0.27175162523166385,-0.4134040031429045,-0.3889162108913453
Rik83O3m,-0.44729680130279936,-0.19407906681861942,-0.45345894481100935,-0.3748938829565027,-0.5047310083685019
S3PCzDzO,-0.3456477974963845,-0.10819266303132036,0.4666599074589701,-0.7869513769981218,0.44752506326856434
S77BviOJ,-0.4953922906747166,-0.20702683622220075,-0.8659421156355531,-0.27231350387525666,0.14938361969002045
SDdvtktF,-0.26291152244397287,-0.24205002706547685,-0.41539297675284637,-0.2819955191214554,-0.7385317780104046
SHs1AyfM,-0.32678804441587905,0.14403677663814296,-0.011080795651414732,-0.12469435618892888,1.3749969933413766
SO4zQy9k,-0.44953098417539783,-0.3397693194028646,-0.29572490495205805,-0.43923047309342067,0.24489548830002406
SOOBCoiG,-0.2839606396559602,-0.2994154372472506,-0.13689675187264605,-0.5745554196844473,0.5353214069250853
SXkkPB7A,-0.627643381932502,0.28131650968954336,0.7647457086839129,-0.566689168388411,1.5013730093741984
Sa93dGqq,-0.5173646398711198,-0.15368253084033068,-1.7243055381791148,0.278470913701522,0.5453338975110924
SonIG72a,-0.46636065552360284,-0.01844448716473135,-0.5709908485591679,-0.2706552658089727,-0.1819167212720103
Suf6hIBc,-0.3024028198746591,-0.09981021379188615,-0.007043269550186082,-0.46975167954567,0.7023016491248555
Sx2JeSRz,0.051479795045052956,-0.03998290120488246,0.05379026940568998,0.5558499346027297,-0.9667757957340015
T1Tlftr4,-0.3686153406628718,0.10820972134571338,0.5717046384020339,-0.7576972144904808,1.4148300370529014
T7ulR4ci,-0.3682632016274865,-0.27711395247659976,0.08987638081499405,-0.7576644475882581,1.0313061059818907
TA1NB3Br,-0.27830873751685337,-0.03074131615175002,0.1943074209768927,-0.3797127315035773,0.47459898017587676
TFZUskaK,0.016540019544264428,-0.2590058590712827,0.13503060329368033,-0.2921410602537158,-1.0359942815196845
TNL8HGWZ,-0.31482039162568887,-0.4877787598588723,0.25191134148736616,-0.3528023091564769,-1.0547273093696603
TZ8z1GSF,-0.2847827729323753,-0.135592451734726,-0.17386290543753624,-0.5137731720513052,0.2260943793179777
TqhRvkJJ,1.8920406989550984,-0.5937627294051593,1.6490035114341115,-0.8324083966852136,0.02593208175083106
TtJCUiY4,-0.6918069395200646,-0.1786409980131678,0.5614843443102107,-0.9586702906679143,1.8309065872001682
TwDq0lua,0.11920803887329479,-0.27467096582221284,1.0479144159703626,0.07971689257395198,-1.253113593905077
Tzyf02sI,-0.5733200312919862,-0.17025263883350572,0.6754931676628164,-0.7451028562889128,0.7717390580782322
U3yI6ZS5,2.703028482247247,-0.279178502500133,1.8260896457675333,1.0854300021921794,-0.7853360919275971
UBLnXZAN,-0.523616539830472,-0.13864169324368714,-2.3154176652249046,2.0428592973287145,-0.1472177178945273
UBWDzleg,-0.3918294709923784,-0.31997421290542416,-1.1350887039932243,0.1547109027635365,-1.2488651572407363
UBqkX6SY,1.7863461353641115,-0.11174235351971884,1.8993277684908296,-0.3554960843228123,-0.7850646883206522
UCIAi1Aj,-0.6018445941612653,-0.5054411853052327,-1.8573062015579946,-0.3036108329586291,-0.08736485484669032
UPbXGvCS,-0.08626849751129972,-0.4785400652144629,0.3709354885736591,-0.05040115052795002,-1.0972577010106406
UeWm1l9F,-0.2054822600397883,-0.01962025596911854,-1.0639074833670659,1.381676312931841,-0.3423417408333407
UhucscY7,-0.39083248940500104,-0.339968061754905,-0.2605968487368866,-0.7028078035634913,-0.3667978565135499
Uri1SvHV,-0.03529777665284106,-0.5243889981666028,0.47481040361459215,-0.10564553281325928,-1.248540526356912
UzxipGJS,-0.4246718116341426,-0.08674407641318549,-0.47508923842200623,-0.3790494104339537,0.47854714798214815
V74zfaAQ,-0.22899296368672273,-0.5875913728086628,-0.0052219564613462666,0.03468745890880243,-0.8729322870927305
VBPxBLTh,1.9418139147078919,0.0792882326732185,1.999738011400959,0.6047570196271685,-0.730193526168442
VLG7CXYS,-0.2242974135164686,0.005768067803740173,0.09587543847784197,-0.18684590621412056,0.5325884951549611
VNk52SpF,-0.439820294095115,-0.5543493086233751,-2.0710713149116966,1.9278910986524629,-0.8597176779832338
VOREKsok,-0.48319492449485457,-0.27597742118176694,-0.4310384572458954,-0.696000524394794,1.64668013425797
VRhTr5pX,-0.39159229227738157,-0.4311081058440207,-0.28145966897135644,-0.6491856736991117,0.04434164537685348
VTcG4Kcw,-0.38182208675465423,0.2995874249591113,0.6831500364221572,-0.5698348495350452,1.067266604804992
VeKiWSbS,-0.2544121966197408,-0.13705584912439672,0.16427621607727794,-0.28386869912062096,0.26758663946913686
VnU8nJHU,-0.37255723004312946,-0.21166972386616845,-0.043534635329470106,-0.16792332619276706,-0.31103972855552087
VueNCxYv,-0.5599823959505001,-0.11064962843737458,-0.7624155949576927,-0.3157400447542109,0.2939611477263284
VxuQTRUl,-0.5730957437703537,-0.45150181581719817,-0.18458404107604132,-0.40209707229384506,-0.7339860699905145
W5lgaocA,0.9951563861146142,0.49734421846916366,2.244521609068224,-0.7136031709594768,0.5371158040048627
W5mMq9Ef,-0.4042187406716393,-0.12773420816300796,-0.9438317055155405,0.33433732536944305,0.004294068268826834
WDhNqFpS,-0.006959238240996424,-0.5039654622769261,-0.7556040108097388,1.1819476065268013,-1.4056247528272863
WE6n1kZi,-0.3619251858139605,-0.21941074929144389,-1.705051525218087,0.7859839681625367,-0.14381826776467932
WFk6r3vA,-0.41336433262716943,-0.16401320022213195,-0.3797517257391885,-0.2475899231437957,-0.2569749008086646
WFyIrsUR,-0.7762748902400189,-0.17389716142678235,-0.8906258679469286,0.3001232627050108,-0.656152762019552
WG6ZAsqR,-0.4994325288884638,-0.29703075888572794,-0.612982924439839,-0.782797384640407,1.1907247608899993
WMq3CZQk,-0.3706311721929878,-0.42595869285922827,-1.2750581260424863,0.2511079744974545,-1.6812919006452702
WRskmGjh,-0.5686634848593157,-0.3208740858408303,-0.5210237900550876,-0.276426809533195,-1.311580695050445
WXijSglj,-0.4065357190988279,-0.27496874843744745,-1.020238510250456,-0.42288476877890346,-0.6431865728923967
Wc0stQgu,-0.27814308032924506,-0.2688635903941643,-0.8605653222691583,0.48443789627547673,-0.5782698607565848
WewoSCUB,-0.5617492866944658,-0.11382544407841788,-1.262612890266828,-0.8936727339503427,0.8751843533962997
WuHuhHWJ,-0.17664838616514222,-0.09391674110792092,0.7859014927844417,-0.5388962924905805,0.9829983344187738
Wv7EBtZb,1.3549976927011458,0.05956717768914377,1.6180599983959016,0.02304100936929032,-0.7880515995681421
WyPlxDn0,-0.4569106613620888,-0.21745006054333071,-0.5738507631467566,-0.5675650242290153,0.6538235217220532
X3WqoSNN,2.9889956738439296,-0.4685081751867868,1.7947097307935653,0.8056994601813408,-1.0199210006763835
XDhyP9KB,-0.4364481578654149,-0.17676902652691506,-0.49198065131871793,-0.16796715271063434,-0.7134314139624891
XQxhDRMG,-0.5262130867881196,-0.10245444897553835,-1.8793009902583346,-0.32513943781920673,0.6691355588152774
XjLNAwxW,-0.03128476189198315,-0.6949819129267665,-0.36347569412759206,-0.1566475606876061,-1.3578650296052146
XjfVQbXd,0.7853787530635246,0.5610061897559833,1.6667066661511942,-0.46569532244281575,-0.3237936460430646
Xovczbf6,-0.5152155085365293,-0.22835726535594159,-0.5907309507820084,-0.7833038743094853,1.5777925679976832
Y8H4onBf,-0.6663255001980715,-0.4619227381608537,-0.7303620356233207,-0.7201868309241668,1.0650513130943082
Y8YgzSZ9,1.5819432069570767,0.23361558835496243,2.097890696961949,0.3340768150094213,-0.1322113748704723
YC4PNV20,-0.7581465842171737,-0.32277716778752374,-0.6174005764125834,-0.509410208382878,1.286341816048953
YDHSCRdd,3.10334208767341,-0.48781793068609414,1.699824989491626,1.94861988278738,-0.7334455672632245
YIJ87aME,-0.2771537379425708,0.09688187137272752,-0.9118300414488569,-0.5991999481091348,0.3974697302827863
YKvT4dFv,-0.3788118749375271,-0.15926403578031323,-0.1900009256048545,-0.09323553658738959,-0.11334868897139216
YNebALR2,-0.5675956271983877,-0.45524786068198164,-1.5310232630865723,-0.8388528857056095,0.20550811802437607
YNrnqFyb,-0.2686013959168476,-0.08259012058896342,-0.27818512748648594,-0.3281938541520226,0.1867568904191117
YUZ4lR3m,-0.4043874806224621,-0.16000729413188974,-0.252956816073711,-0.2703964107820589,0.4073556024897087
YYLvjoVC,-0.014180330675516384,0.07058780908211038,0.26713582006869707,-0.20213482320356846,0.432817815218705
Yb8OtMb2,0.09528388942777477,-0.5434022563431311,0.6596672187026886,0.09897872181884892,-1.3213801180895004
Ycg4lTYw,-0.3091171379623474,-0.6272209967310003,-1.4836968015606455,0.15250047903121455,-0.9004720453202637
Yfk6tekH,0.13563922993358668,0.21180720208759585,1.3306884727367194,-0.39779513983900827,-0.44368686739334606
YoSfgmR6,-0.45265694739049556,-0.2726937385705126,-0.5227411709442915,-0.26090995022856944,-0.4572773985686851
YpzFvexy,-0.32917005606526706,-0.057594808695273336,-0.5823645147859136,-0.0988894954068833,0.03645338509324603
Yxqppfa3,-0.05629546877884328,-0.3567543698045368,-0.026545500565125835,-0.008921440973399086,-0.8858207839617975
Z16jTUvP,-0.40396390923018677,-0.16840853550000912,-0.9945528286850642,0.3487604809608733,-0.34369526326312183
Z2BdCCbJ,-0.25907514897647976,-0.08425387891837754,0.1935713198315714,-0.4874517086407373,0.8242632657438733
Z2JJMM6V,-0.34866427406763156,-0.43092946250361575,-0.2253743485971338,0.011291598209236753,0.4933603887483926
Z5jE1OB5,-0.16342140732052846,-0.03324374582824685,0.2782821126302313,-0.19557004439663572,0.13100897503091602
ZFsIqYxA,-0.41958109594583126,-0.15080790412956713,-0.49077047692320797,-0.16957234860071324,0.14506777193705744
ZHDVsoRh,-0.33719427854561124,-0.2862649683411176,-0.409699230021479,-0.1838741223071061,-0.4379437380477995
ZSmfu2Fc,-0.5033042583731357,-0.41374340129185594,-0.11130231961282355,-0.35084439754679764,-0.9761850052205077
ZU8YXF3H,-0.5034389625574831,-0.3689116920204354,-0.4599026308517207,-0.7679837651437715,1.3017693164273467
ZXKaNy6Z,-0.4518231280275713,-0.044150417445041334,-1.5153403100762173,-0.42618996110447327,1.4009075493731658
ZbYLo0zK,-0.17716420452637882,0.012878266208656619,-0.2831848004495807,-0.3966558319632618,0.9497065830460159
ZedN8Gcn,-0.43355110383839834,-0.38385682876104266,-0.32828686652941563,-0.6083167869480981,-0.032129796272833744
ZgD4Dau6,-0.10589422869219467,-0.3449545754910899,0.18104961560403332,-0.3278753256706928,-0.9636340225472324
Zgzf79LA,-0.5625283980984377,-0.312233476247445,-1.2867356086576276,-0.8079929886969417,0.7468847043584574
ZjqzxDOF,0.24573610729436135,0.3843206579385994,1.3729921623394237,-0.8129981703412064,0.28743536761135857
ZsZ5aDpq,0.2401750444919899,-0.1424091146436579,0.41318159580624503,1.0072151060869423,-1.0634568404197111
ZtyqE7If,-0.13739502305947005,-0.3676201855850989,-0.02602326318855397,-0.1432003789639289,-1.1532817542682423
ZvUgz01f,-0.32985190933362807,-0.06513794309738596,0.6372504145215405,-0.8846030146539938,1.1552718095732715
ZwrhgdQV,0.7594408430882695,0.36356786806392183,1.6295236715027475,0.9504683753759586,-0.55788389548092
a7bhJGBU,2.1017604251633757,-0.29545540254547387,1.8233952943178426,0.34322686963080784,-0.5219697825578109
aHpv6KzP,3.0769433711989778,-0.19103466344039344,1.8964831925568522,1.0915747582668978,-0.9099378028122018
aINzEBVN,-0.471238685371135,-0.22699886646840906,-1.0955190206980117,-0.5227223308272819,-0.825858354162925
aP9EtTGF,2.5411512335300004,-0.18207026085564149,2.042266899285787,-0.6948909265836569,-0.7193092614999941
aV6EhtSL,-0.4719949704353339,-0.3129404867540755,-0.4136356911146688,-0.5050274602870282,-0.2558765692308995
aVZsXKoH,1.9859090765326628,-0.24498156144362593,1.9674673772515323,-0.7397600181682442,-0.6776688132070419
aYVnVJvc,0.0017085034674537702,-0.34643158917787087,0.48927296406032816,0.7768527767968685,-1.1988568236638955
abCzN1zx,-0.4677847537608968,-0.22512099376580164,-1.2535518901315665,0.3696503092917105,-0.8254901336663281
ae7sMiB4,-0.0915409408284531,0.020019627599151768,-0.3727596138962692,-0.2303384134936728,0.11859007542179967
afsVuCGV,-0.561348384387601,-0.3535384600190694,-0.5316250019793554,0.08861263968377031,-0.9075283766946356
aiwBQETI,-0.18467834520055382,-0.5652737737909659,0.37604678247772405,-0.24766715916827664,-1.0845033316732824
aiyli4EI,1.8097350263092822,0.747614214918042,1.7217023753537521,1.6232271635683269,0.002759779389471362
apJ7NmzD,2.0279900139608444,-0.00979228453978731,2.01386220130963,-0.28514306993817584,-0.5836251921849893
atVjNMtQ,-0.4979504748966419,-0.3854960017106235,-2.0912133970641573,2.3765117479008318,-0.8928426435641299
b5GirVGV,-0.4486188942850631,-0.2980168425237819,-0.09808255123492948,-0.5981044128418667,0.31935779022345656
b9SpMjNB,-0.17264273946824593,0.19237994987362317,0.15370595784885133,-0.15180589623175322,0.8418027081034509
bAFs37yy,-0.3358330051082148,-0.3178323358579176,-0.07388089002482978,-0.6532325717432919,0.8264295067689389
bDia1hHV,-0.285605489236731,-0.45090080672433697,0.029165195125878896,-0.06308046764094755,-0.7821206413202262
bFkv5Mtr,-0.36669605552873596,-0.3066618334078042,-0.673546367070676,0.2933799022632506,-0.39014455661085634
bHe2IXgA,-0.30582108657057594,-0.3674383854522487,-2.5950067313890397,2.6655501135730724,-0.6425470599870025
bWX3vUm5,-0.07203571026860933,-0.3238980215082732,0.41718909364591106,0.19142336156640383,-1.0425172459342704
bat8tcGs,0.07766298118855142,-0.4765048949829973,-0.17923107097975866,-0.20650207074756466,-1.3628460057807317
bfjej4wu,-0.4100072922114477,-0.48158126796078005,-1.327261846637148,-0.18418218130479502,-1.7789482697173966
bh04YDiP,-0.3046333365122691,-0.27345354862972027,-0.08578243865325952,0.1570074751837005,-0.7339891975683983
c110Fdc8,-0.19193739232508866,-0.2737780803117742,0.09079791154364081,-0.2786600863044164,-0.09603740394458526
c32GUzMa,-0.4190024520225406,-0.011116681685950702,-2.1260032991512983,-0.09886189588157279,0.7023666277394867
cT6uU0B0,-0.5247461658595411,-0.16529001216621264,-1.091259354011063,-0.3200390478812274,0.955551324423972
cWXCiFwh,-0.4157192159668184,-0.21785630699740732,-0.7866033616949064,-0.4027572430002415,-1.1279821272489627
ceNvS3yd,-0.4191980363324901,-0.14840960277705317,-0.9271949255792062,-0.07341181009248388,0.15369846602099102
cmwdt4Av,1.5676978464394424,-0.1553847254344758,1.6935035294179759,0.04985235374645569,-0.6685214401455184
cn4EHsup,-0.4674432495498322,-0.21692900056312947,-1.412381463644115,-0.31734981601472967,0.14604958486155084
crVOGGTT,-0.41930466741490724,-0.012696476609550977,-0.28797635375007324,-0.5991950393243037,1.1362696358419626
csPEJ1E5,-0.7400950384830494,-0.28800072512238994,-0.2369577857850711,-0.21407876165655537,-0.723695306495209
d0UrRtMk,-0.4595535071616168,-0.3248917207183579,-0.6318537643658058,-0.6663963086609961,1.6390062129844765
d6LU4G4I,-0.3759966298407007,-0.30926766714491105,-1.7737349189405816,0.4480156617503148,0.0576614306663501
d74T1DVv,-0.4322830865561982,-0.25427030741319623,-1.0913921744761321,1.3334493581908013,-1.0358376865603915
dR6rM1tQ,0.13371590210459638,-0.6368798179128019,0.12734190168704096,0.01753512683829328,-1.5283265217590483
dUNxOoqg,-0.46906014185828004,-0.5401204310482965,-1.2110752381795375,-0.13916656023481622,-1.284182010170575
dUnlyhj7,0.3465370410445403,-0.07907647585124078,0.9802596756994806,-0.6762985089806257,-0.06872965644924278
dVDlnZQ6,-0.38578425439431063,-0.2638737016013577,-1.2691993397531771,0.14473612695131166,-0.7664506678293534
dVT26GDu,-0.3151029894674493,-0.02383139803895329,-0.4665417598500792,-0.348570300014007,0.736142762346681
de43ycXY,-0.17794028185420663,0.3108325570365311,1.0798869809693858,-1.1560932687932741,0.4792776394115563
dfIn7m9z,-0.3859077927294847,-0.33793114655599066,-0.5335699966396898,-0.19873469864957727,-0.6793426230085444
dhmb9ZY9,3.545986774004233,-0.6809508135065583,1.9321226767961068,0.7096423928808058,-0.9181102585488006
dn8kCuyf,-0.31877525792282446,-0.0005345313502287397,-0.6146945052214416,-0.31184156159431,1.2485527717913456
dpcquvWW,-0.3765576888376372,-0.40229913178699217,-0.4320323228562213,-0.3796037103363865,0.0625175291208464
dqcbIMyr,-0.46462313779233133,-0.4296704297912468,-1.6171508488055135,-0.6030966540827372,-0.329095339583823
drWgsBf5,-0.4273925505125944,-0.23033577441309472,-0.3920731919526954,0.39685346089684614,-0.7459634243842785
dytx0HSe,-0.5349418250620501,-0.19856274756874637,-1.0495224972344115,-0.7892677523893958,1.2899144384923389
e4KkkIha,2.228978336715555,0.1447908854907043,2.249336959090451,-0.56065144393121,-0.7711749750644614
e9YorH4m,-0.4936096872638145,-0.05109260862353704,1.2384299243772237,-1.0318638464975898,0.6698167599185538
eB9gVQ0R,-0.8403170366859185,0.35105604125602685,0.6518416047019944,-0.8691930700213284,1.8437122415763056
eMhLFqU6,-0.4640901676515923,-0.26056101848006374,-1.8221455115676601,-0.3627467480898936,0.02063988979708853
eMllg1qm,0.786922310836927,0.08126278420878652,1.0319187104994487,0.01761677652505611,-0.802563141874792
eNPunZ9i,-0.4786563821830341,-0.11939239935871893,-2.026586605109051,0.3141191379938668,0.11288530039747258
eS5BSM4J,-0.39634302990856574,-0.3007962576802923,-0.11036631584533119,-0.5869852680496201,1.3193043650253529
eVGMFoOI,-0.5935779790528968,-0.06435857334871553,0.8302670454688812,-0.8672563254611028,0.7763238417582912
eaIwb3rG,-0.47669125079704733,0.6139648918870195,1.1118044226325399,-0.3993520081464972,1.622499686512704
eyzw8Vis,-0.5892842546786041,0.09532149669122436,-0.43464267576904625,-0.6867537279511176,1.3560171375132555
f04Ke2bN,-0.29897677862339966,0.05900701461361013,-0.4500934715922451,0.1047803470366766,0.06533417567002431
f4GA0te1,-0.22525383529904408,-0.5051726482788466,-0.4683873150436195,-0.5020252548072399,-0.2541277093262906
f7bd91h5,-0.3931187756238059,-0.2359369330160801,0.1660101806201144,-0.5984089130013395,1.015716655910957
fB7z9ndr,-0.5809765620501266,0.20290195311282577,0.08627058166940493,-0.7252371200172725,1.52071440508238
fEe7AWFA,-0.06935942019430419,-0.34661051295641965,0.2688271438501122,-0.3664338901096649,-0.9490515697058513
fJJIbgY9,0.525138769666738,0.41360444452585643,1.614694775719963,-0.7669094655273234,-0.3573374822223272
fQBURMvg,-0.2831960947100369,-0.12223210674800367,0.3159118618627961,-0.4503591342779778,0.8515616606258973
fS0HpOub,-0.384413576929036,-0.29403097013345114,-0.02220051375774368,-0.5747794188071289,0.5294908866851316
fTDXauuk,0.3204863838214451,0.06994945687894205,1.526115626418468,-0.5330616085782545,-0.6658531593699806
favPNA2N,-0.5439543844844947,0.1443314319785829,-1.6253101498464186,0.3238998753460969,0.7651244682410621
g3Fv0U4k,-0.5417099010396114,-0.3673243914299631,-1.5121708870371915,0.4108066467644953,-0.039790719513682404
g5PKo2E2,0.29828861863603473,-0.2807591561631737,1.0508340015080737,-0.1613528561190556,-1.1503309847279795
gbjnD5fe,-0.3809689759022503,-0.3917362376969207,-0.3780626719726481,-0.6087484355564534,0.28747147705482945
ge9zqXCv,-0.29477693575467034,-0.3551190395655679,-0.5723875750445497,0.4270669842100965,-0.5890177366369684
geeqJpSE,-0.4436387346381152,-0.32851023945657953,-0.10304320548742929,-0.6138808918074297,0.75045724594154
gqy1J2RS,0.1741194933397865,-0.4682067119328961,0.5336052702803133,-0.01105513668314373,-1.6272885278239286
grlUtS3H,-0.14165225717573682,-0.2603419413307959,0.1111202196641532,0.7230022138639747,-0.6391530533945442
gx965KYj,-0.008355328881806567,-0.02089029347370097,-0.13710125539136264,0.1454694873375324,-0.10026332090276213
h3F08Vjm,-0.3951373597441843,-0.39038933879145343,-0.1334334560744903,-0.6858014468077904,0.6655636710338015
h6FQG8Iy,-0.33218703418191486,0.35655968860374987,1.2016777882436234,-0.7063892963676786,1.6353441328135787
h7ftM8b3,2.062031467895905,-0.11270966719711151,2.097367231837106,-0.536919217451004,-1.0249022334301046
hLrCHXZv,-0.11219366081189852,-0.45581401365960783,0.6532880789445787,0.08664704184887384,-0.759594875386675
hQ6VBuFx,-0.7623473630923754,0.39611319170309134,0.5189565691685036,-0.678569040407428,1.7835398429333011
hYoR2y7w,-0.3882660718085744,-0.38269705803485277,-0.468707808005993,0.03211609507819091,-0.7775534937942936
hf65yZkM,0.38477358339383594,-0.18816226934903835,0.3548128135362365,1.3921545849154704,-0.9092841769927347
hjuwe1x4,-0.2200322807333932,-0.5181353981306414,0.03950345164299485,-0.4602872958210078,0.3203787809544636
hyINlsFR,-0.9137682126924473,0.3861556213778501,-0.4365794495542925,-0.04087813825096376,1.3647680270030165
i0Qlm9Bv,-0.2176537558302143,0.09549044170308907,0.5897651680272791,-0.5364696127496877,0.8211998425489995
i1VxfxMb,-0.3524847670082081,0.09879048144831604,0.3929258712100907,-0.5578982881986754,1.0905911360698965
i2l6jXNP,-0.48807439790238183,-0.19767603102353615,-0.8845877815299357,-0.39722679229159397,0.084879199515008
i4FgPZv7,-0.3735020187691034,-0.20329680430403396,0.0919370761803382,-0.8444209695160403,1.2565044657409103
i7XtIkSi,-0.21144290248543163,-0.013324968256699599,-0.576701763466863,-0.2388721511740819,0.006455534436419441
i9z346Ut,-0.2273797479378472,0.007666753386740943,-0.2631156848835783,0.847882501844861,0.2117137537778504
iDOat4cZ,2.212870461567546,0.38139759225124426,2.2635828952702557,-0.43610010215958894,-0.7702051161835684
iNv6RoSO,-0.21639918056229268,0.16190827540141317,0.7785092395356603,-0.024958200593363955,-0.034161262048137075
iSL9NYzy,2.8763018015602584,-0.5904074516501963,1.7817867646110788,1.5232159457147922,-0.9024931555146267
iSqVc1r8,-0.24488061304003983,0.4020205147471758,0.8532704602334977,-1.0158150690465568,0.6184961768749488
iYZMftt6,-0.5697350145296141,-0.4879954174693806,-0.1292874736502565,-0.5506131587042269,-0.71480206022337
ieTPaa3c,-0.32583848862799547,-0.17365924969543567,-0.7232306269670428,-0.0008545086755198383,-0.24693896460163245
if7BmzU0,-0.45287068493820604,-0.31908877052682083,-0.18353976892784907,-0.5777234156592108,0.8074491096516638
ihNz5bmx,-0.3726644143693547,-0.25938716878953283,-0.48079003113638485,-0.0170737624146291,-0.6419107346731252
ikJXKdIN,-0.45414358572401303,-0.08260350577346554,-1.166912361233008,-0.8677530545731038,0.9398601984664552
iq2kxikN,-0.22092549531720485,-0.4871207780697544,-0.04042589678237185,-0.15011671145090943,-1.2052777489047841
iuZEDJK7,-0.4344092939003885,-0.3344499973409141,-0.31843379622750057,-0.5546340022208547,0.5348353404416812
iyF8gVT7,-0.7304578114803362,0.1215757536611024,0.0649993653758063,-0.7990562918301016,1.7019520048226653
j06qdQ0V,-0.3621738817022915,-0.2415683831168165,-0.1865802558881935,-0.24123693749222141,0.17696274237071208
j7hl8svO,-0.5415606764440226,-0.49216336533571603,-0.14473858677228257,-0.5152723158351087,-0.91748066827477
j8hMoJUN,-0.3804779979113291,-0.2663411226094352,-1.3684189420628083,-0.7521811320746288,0.04797060389268637
jNaFasbV,-0.5230174330976651,-0.3679376370973726,-1.192781987553408,0.11520102945744881,-1.168364724109317
jVVHeYHT,-0.5588843654654183,-0.17222410189605153,0.19948035366474848,-0.5941848492646109,0.9813405639471924
jXm4ySvK,-0.3373963774169524,-0.1827300282902682,-0.0938640497799863,-0.4144741338202671,0.44345911725850584
juO5ii5l,-0.4268484672306285,-0.05673661498984739,0.3793101526166627,-0.6733950288051069,0.6552166293480255
k2hdEBsU,-0.4080747901447821,-0.2904425413189413,-0.5873148226757987,-0.7253605325866097,1.4151030770607136
k3ynMfhN,0.3267702236631167,0.18626012881032938,1.1836290185901905,-0.46704678149014356,0.3563233526733214
k9C9yBtr,-0.04060347665148489,-0.363044761894332,0.541163918580887,0.37091042282666464,-1.0007204442408337
kAKRvcRo,-0.556662534626811,-0.4882648862303425,-1.1399416080653193,0.08320915995066613,-0.9908084886497406
kBi3R2oC,-0.05420583076869567,-0.11163398234565403,-0.30270187694917716,-0.29402138700494973,-0.14625035613752146
kDWmnsXe,-0.07784149158163833,-0.28562670988320615,1.026492501850507,-0.4842596248393143,0.06514686798164604
kSGBd2Vh,-0.3545631254341415,-0.2716774456966844,-0.05334352087787941,-0.6043230882503572,0.7141465498635071
kT0miHPT,-0.387640111945474,-0.2914101688738695,-0.28950559585245195,-0.41727381441321043,-0.13484160843037074
kaW0TfRn,-0.5093398077501106,-0.4351310233287107,-0.4000105207453455,-0.4862131990437497,-0.24617031647513699
kmg3SowO,-0.37256357886184466,-0.06456360423452434,-1.1235020613419149,0.6048491560688767,-0.18403737209484206
kpxKSlnF,1.748533559924509,0.09434798828079938,1.8637877582982671,0.13363413280988468,0.10877162683451758
ku2cn1MV,0.3876211185739167,0.4545866918206345,1.567623840577662,-0.3452457966766538,0.49971961761892914
l1su5HU9,-0.3615729385232398,-0.07203122656027272,-0.5102953279033411,-0.45103228972654463,0.5532609660293772
l8Tg2RvD,-0.467467973630336,-0.014652977163666314,0.6623308581440686,-0.592796285538288,1.1581070346087543
lB6NsVOc,-0.3663906238475092,-0.37128617512188367,-0.2942195531338623,-0.6019768542389734,0.7195381316125875
lEcdVyKk,-0.4546734380859916,-0.23587221963042548,-0.4790319243381784,-0.5412659841556611,0.6872007395050801
lH4TasGl,-0.016439297408795905,-0.04771793684266168,1.2671687194770218,-0.7192368176800024,-0.5648989495940882
lO9aggHW,-0.150267516269595,-0.1981255084619873,-0.257855954036577,0.2468579756689273,-0.13137170073877513
lW3m9Vzu,-0.5315455276508501,-0.1393194744141395,-0.5029320227458722,-0.022633973979981903,-0.001016332471657222
lYLseGDP,0.056319300596042954,0.1394861089666053,0.7411864946855165,-0.33785631583193165,0.4072494997115612
lcOnCdZi,-0.15982957637373962,0.05212399362063724,0.9542255294957247,-0.853873018427084,-0.4237018216121484
le9YGwON,-0.021961226324891836,0.09804107751461988,0.3040453284511475,-0.28835916615641466,0.16154916838508626
llMvu3TX,2.0420632726168706,0.046855007439273955,2.04487484328366,-1.1393469333832122,0.0020064433177893193
lnHh2jFO,-0.26707852013390854,0.30708743179185394,1.2496735677384638,-1.0506121143805736,0.6222649048682811
m07CVXd4,-0.6659440785410324,-0.1353977834441933,0.617912907313448,-0.8591090898260241,1.7262802883904058
m1lPk91z,-0.22197915054715756,-0.12728804618380973,0.62922650486008,-0.6282301885801367,1.2330202926070868
m9IQdmwa,-0.43154353457288286,-0.218527606652958,-0.07076541827404093,-0.6058385550830003,0.5197907940697135
mG9BRy5x,-0.4888490923771669,-0.1549493507800319,-0.9826157758218326,-0.1857346216081801,0.17467738850954362
mVHXnama,-0.4559920752603275,-0.2889698120843489,-0.9878373493649999,-0.5479971860129531,-0.6343269872583264
mXyrR6nU,-0.3600507201530845,-0.009241375509179584,-1.0522629610857077,-0.41512440649855264,1.5157347768771743
mbzNdxNc,-0.2798325921307323,-0.1143142465361846,-0.20776513140525843,0.2626904812252455,-0.5007294583883706
mntH7g3L,-0.3314881074588256,0.44368122891047523,0.8045530136546493,-1.2019427090706536,0.9212221864079666
msRTXP3H,-0.2444539553829954,-0.11700393329464287,0.18040715590042034,-0.26841509028942667,0.3004896918749367
mxBjvIPR,-0.46554856144706624,-0.16201420577543768,-0.3777573925242361,-0.4632396707209132,0.47578413717534573
n8Opmfbz,1.6995625083732748,0.5308793540471131,2.600001303371309,-0.46596249427308933,-0.17411861726602496
nOkgU29Q,-0.4760480019153319,-0.48521646446441746,-1.662758507474555,-0.09566851879550953,-1.8348409445183265
nhttf7VM,-0.008418884637138913,0.06530356617532806,0.7562001144938311,-0.07389116956143837,0.33270675674470596
njLbXYa3,-0.33772800835453287,-0.449446088689899,-0.30337479353464936,-0.5723166750438118,-0.3956336397454763
nwkIpzmh,0.6043367591278739,0.0007590005034332492,1.3573635273348916,-0.25169959230494854,0.1314627374810371
nzB1R9Zg,-0.3074762045166053,0.1726765160729089,1.1451099824667015,-0.8784660217277356,0.44305833718525633
o1rZRI84,-0.43906586177348705,-0.27156809644292235,-0.5599923119293546,-0.3227283795502167,-0.3634966757319873
o7q5Mbty,-0.1273479557343662,-0.2820076417165067,0.25507733391578746,-0.13948175106067495,-1.2185767256830715
oCBvysqB,-0.44896760156683646,-0.2759872386377422,-0.7130003475401647,-0.533112333044091,-0.9315393648672838
oDmycTPH,-0.3914046831800433,-0.14095359634483184,-0.6850303203257138,-0.7151190190873145,1.2124043779057345
oFAXZvQv,-0.4930448992039955,-0.11341690422522088,-0.12556220719056022,-0.08129438717221049,-0.7310681028149801
oHE3M1zX,-0.2472791560025498,0.06389728102204817,-0.31685998978490737,0.9707559181990568,-0.26049346222310277
oMhVmSpV,-0.468697324224594,-0.35659190882960257,-0.5823709700448401,-0.3413322551839606,-1.78643977816062
oNsDqVbi,0.1849165318840833,0.4700802650313678,1.420141466642244,-0.6861760956442318,0.12060498152786892
oYAJqQk8,-0.36835959529020235,-0.45107114098753964,-0.5818530698581892,-0.7572013440810856,0.5645946477252792
ob5Kb6dW,-0.4255680051623485,-0.27131850100339516,-0.6662273407966861,-0.5986821549793326,0.9647072271582218
obnzqs79,-0.5154888967721845,-0.35970311224172047,-1.0612868188616087,-0.7012529889277808,0.4232747967838648
oncLcgRP,-0.353189054650501,-0.23944430612754086,-0.36232130839197474,-0.05690761109578446,-0.4725963476075137
ooWVYaAe,-0.42754323431967256,-0.2917449611068035,-1.6663829327921942,0.8683169921207359,-1.0721750232974543
osdyOUnV,-0.4480251228409897,-0.32838266363795565,-1.8217939579358156,0.2411652360653811,-0.23743083157639688
p7H9CzCv,-0.5648381181176219,-0.6767076627183881,-2.0993160928212458,-0.05306545603504631,-1.4210230808583546
p7U9hVhY,-0.39827219478178355,-0.19457677949047802,-0.5022587636733444,-0.350453387826537,0.09644458832901392
pE6Cf1RV,-0.4356848381498266,0.16995630841939846,0.3323079364595376,-0.6309663473282576,1.0563904904690347
pI7qzotI,-0.40573984885890146,-0.37840116889582287,-0.382703351752971,0.13285937572548434,-0.5067770004095777
pJrIA4sk,-0.31773268432374513,-0.31771520405981146,-0.32006715819192344,-0.5329626857590206,-0.12171558144884642
pXne2CLZ,-0.821539414002872,-0.0758077070340617,-1.5826879720764193,1.1665616497996147,-0.5017621613270578
pZMcDIOS,-0.4632165393626919,-0.2790760886018573,-0.3766408989511003,-0.6534534009531576,0.5984941100580343
pavfp3cc,0.270128913511654,-0.3900111480734152,0.4283846539533531,0.13008511937753653,-0.5973672250202853
pbQdC5L3,-0.6057270690784562,-0.6179810635485294,-0.5795741846406965,-0.7113688108336369,0.80661053762541
pgj7aAFP,-0.3525973656082342,-0.29624254806457184,-0.10665189413020038,-0.05206330218222277,0.07768846748133029
pxg8G3ed,-0.99780698188937,0.281343219560779,-0.23103603743310508,-0.663260244933344,1.538742860262154
q36Npk6l,-0.4478274055776992,-0.2881513351476199,-1.078511548232873,-0.9873091287816074,1.3112225138581337
q4aDOVvq,0.4278004366856849,-0.16774134029036514,0.6116789237219198,0.5932344523664419,-1.574112741181601
qGmfR9CN,-0.42735002094963326,-0.42184951581201613,-0.8177192769110118,0.31757845221111936,-1.0770660810155945
qJ51ODpA,-0.3925836741968296,-0.10280733702528533,-1.0418428095106176,0.5897282924090455,0.03839697882327897
qQX3cs3I,-0.47365063801993434,-0.14480333801019452,0.37426692844042897,-0.8721251335034772,0.40954577572140494
qXeIxPb8,-0.38597096953111665,-0.06429431488685378,-0.29650400067588656,-0.3589479424706674,0.8340266279895516
qYQ4MShM,0.1253023571294407,-0.18535240796153385,0.016437996303247715,0.5117214200538278,-1.0800778377485116
qa0etnhK,0.0721190574136572,-0.47177184238806813,0.14573600873496595,-0.048716199695963525,-0.6356968925211319
qbL4sboq,-0.8167578159968243,-0.35588710105547516,-0.7696705093808216,-0.6721291596293391,0.6439249373363012
qbYrsWHq,0.5279533606095002,0.4506741795348832,2.0002007104972197,-0.1691646210154154,0.1305713979470582
r1zmcUqQ,0.431793593165422,-0.029151980496851415,0.9557854756105915,-0.4145832980018618,-1.1268496262292658
r54iHeQC,-0.3340652729252169,-0.17497537760663118,-0.06682867882408594,-0.5225762346415372,0.644915572980473
r6xrAnQV,3.053026669106258,0.3965277554989486,2.005961880565346,-0.7814982912202773,0.5149790543744146
r9HxnQDg,-0.15457761701003525,0.07039810778316014,0.8368593262559987,-0.21977279806630534,0.9304473062894445
rG8Puuf9,0.7326500936001694,0.14268940309103773,1.1908598211005117,0.27376169225975033,-0.6372534389652955
rGuiefuR,-0.32564071283872087,-0.36714873162962913,-0.6903953261066729,-0.09627979451467539,-1.3563097329880733
rJ19OhGP,-0.44401450268418463,-0.029866723417387497,-0.44561547693796477,-0.6459849474174639,1.410706943298102
rOCYepHd,0.04106933094186482,-0.1783768327631945,0.7576510363378564,-0.7512261937815943,0.07315866490157674
rQJaOPFI,0.26748912521321566,0.015260077071627798,1.478501189400058,-0.3873841464099037,0.1846739038573233
rQhZtZeh,-0.2775061636943419,0.09509234509824882,0.5888423586359384,-0.6737522979617729,1.3440588369675837
rapmok0w,-0.43235079634399787,-0.12428074274702094,-1.4796194606358224,0.12182386186507799,0.5712544472708956
rgzfnPVu,-0.3241309239842294,-0.0869836668571109,0.5548068885198152,-0.7508074246132033,0.6910193133042029
ri4qhb1S,-0.2108252771199104,-0.1486540693094751,-0.9918906631237316,-0.4290325153431418,1.1640054698914426
rqpFYzff,-0.6955606681880808,-0.4929912989327816,-0.7896949972089171,-0.4818137638592539,0.14371848734172232
rrs22coX,-0.3185084282399102,-0.09230580949223377,-0.146668168351189,-0.4266854279774357,0.8484598837367017
sEeUCQLc,-0.4914365517174146,-0.17638642397922677,-0.91208853044599,-0.451501357929164,0.45672747136971026
sHScwqQl,-0.5968389786616526,-0.14796658850808608,0.1620456035702862,-0.9478343036642123,1.820479962483752
sNC7DiAt,-0.7919098100832698,-0.4974481558974615,-0.5577729246278889,-0.6261429168619266,1.2919110776470362
sNK2TSs3,-0.3966087818520818,-0.08474394671519558,-0.011624128202120332,-0.5600762154442869,0.7290470515496352
sO7Su6uw,-0.5331340472170623,-0.5491850913203846,-2.3411000267296824,-0.5161604282373169,-0.3160136497554831
sOWZx89o,-0.6203469307660625,-0.41071546573947426,-1.2500027192938798,-0.7062505414703715,0.8342257689805663
sPbRcPjC,0.12054909866816255,-0.13687311900592913,0.330468931908408,0.23909401523836138,-1.1650249034685984
scVUfTKI,0.0064539993441585786,0.044271671273247826,0.09054018905977479,2.057676229676172,-1.1731691449559705
seRaGeVv,-0.3882100711229568,0.019163028055129594,-0.18985016838450086,-0.27245602467407437,1.2006197040247812
sgtwiYWi,-0.4352917612927185,-0.21898737925856704,-0.9876343010969233,-0.2329537583834913,-0.3203399438480332
sjmLHcT6,-0.5306609395906334,-0.25846624846416244,-0.4560857739684163,-0.6292589033898999,0.5977727067780236
skZUZZGS,-0.5176207550543395,-0.4531442199122351,-0.16284089323993634,-0.4521723821697101,0.7831651714716443
suAmzADX,-0.797427172019924,-0.37459224068696795,-1.323424741354975,1.839739756366935,-0.5170555499100189
t4GWLqlO,0.381807619280663,-0.1911947691942144,0.8414746262465176,-0.46290539439521083,-0.13745564401460086
t7gy6Jyy,0.273372659693051,-0.3808964139225166,1.4254582514102,-1.0181599601417197,0.23868343572792838
tBadzH60,2.11115681991174,0.03925487788911841,2.045456831600868,-0.47645137727501563,-0.3521255391462361
tXUWm0hp,-0.18531104807101562,-0.20677350805634642,-0.10904813230603416,0.7359832099748296,-0.7113734429189478
te6UPPxf,-0.4424827454717515,-0.5499831631332084,-0.7032091734542885,-0.2768781897255117,-1.6152256636869922
ti2lamkL,0.06457475014627656,-0.15268954786550903,0.6694383189712969,-0.43434394027714873,0.02636318212646671
tr0lpwuU,-0.7282186664164683,0.006943548984065906,-1.9546839701292722,2.6245966108356065,-0.44029230892615345
ttdB5C73,-0.3312153858800584,0.0284868751523506,-0.1353779344587931,-0.10433630673084693,1.1610455848757013
twS8YZu9,-0.4211391003986491,-0.1784409825377109,-0.6904300209441683,-0.7155481498500826,0.17997421487826415
tx68W34H,-0.508262689283073,-0.284656834522127,-1.335665237932508,0.7115826439078141,-1.0302747084114046
tyQSX4mY,-0.44769888726699625,-0.1650564835999715,0.126621041741382,-0.8177772155820726,0.7146914671649043
tylKCRc0,-0.4115414761449201,-0.14156351252767063,0.09567123759462426,-0.3594644339634847,0.3451332617764038
u1544WUo,-0.4383898546724949,-0.06862284326415402,-1.3307728377721926,-0.49726568078019184,1.3793579152780708
uAw9an0d,0.2599134020770735,-0.06910775398499691,0.5081462567975539,-0.3432242925316764,0.02518907420924421
uLZAEXMG,2.3156802642866396,-0.01967420205345416,2.0200510877784925,-0.2463749557171191,-0.812349717508873
uMwe1s7I,-0.9530329132880424,-0.17840673538011043,-1.2029282395226257,0.4822134321777689,-0.2926281510956912
ufhGeV3q,-0.653093983293219,-0.4576321625909143,-0.3316225967587254,-0.6171059403461818,0.6075834965686298
uhAeGBHo,-0.6530152200843431,-0.6633529457785583,-2.331134673315992,-0.24687034895920945,-1.5442168945633554
ujHNlqpw,1.3536578197368372,0.39128502722725234,1.6596052897516618,-0.08445031474890996,-0.8377651670359612
ulV6kuhB,-0.2756677702204242,-0.015852574414554788,0.2717607144854899,-0.49997963944203505,0.619348040923775
uohEnNEK,-0.5640163055635994,-0.40712487992731194,-1.383856359201209,0.6146067495476295,-0.801859385196785
v1lhA8I4,-0.3722651894899527,-0.4367251172670761,0.8896014916385955,-0.7978276351161817,1.2461211418685778
v3JzigLI,-0.6239551022385412,-0.5177888174020948,-0.7900504399130934,-0.9273107220922334,1.3525131496657892
v5IwjyIg,-0.45655980032410204,-0.3046395698374793,-0.4850847160475862,-0.5754715445498455,-0.8659835469494439
v6lp5TK1,-0.2991773863754488,-0.15763102460003875,0.5468329993841596,-0.7240722324920803,1.3139396700231387
v8vOaaWq,-0.41040973940602177,-0.10852064979461584,-0.8854600013596521,0.3563559255719433,0.22162874751456485
vAYKtoil,-0.7835565356849101,-0.09402298441453905,-0.402057009685441,-0.7056481813231308,-0.8861353449199711
vGTNQa6G,2.1423733042598188,0.010801381329668125,1.7703420849752636,0.44291333111435094,-0.14672055641266724
vQzNxHoL,-0.46851801257202075,-0.2938012959066212,-0.9343395668306496,-0.7080197544780908,-1.1124461075355825
vfZGBUJm,-0.2481398717786205,-0.19090967145256155,-0.0451646054657342,-0.12577837504138145,-0.32787445077385513
vlooVUoT,-0.3192104683407151,-0.31921257137672665,-1.8018844403650203,0.5283751330418731,-1.6656143023386036
vrACvd4O,-0.301595602493252,-0.39450198064695297,0.12085686848514321,-0.4865254322428605,-0.4367722483000236
w8hdjLwb,-0.31799483301023335,0.17786123856241165,0.06610216634295263,-0.4159015107559476,1.1621858261950209
wAntv4gH,-0.1111873503063534,0.4268310598581708,1.6780651698472955,-0.6760748360072917,0.7340445764360837
wIUL09q0,-0.4263112326383989,-0.21787193236012836,-1.3847241157086412,-0.8792572287736853,0.6918139845369424
wOzx7Fgz,-0.37253430930326337,-0.49460879409524505,0.0693448882409573,-0.6495987545156545,0.13363917086787325
wPhjhCJQ,-0.3926167978647199,-0.058496647364324694,-0.27113791456871716,-0.5838803213794286,1.266576012320236
wQSWWmYB,-0.30733298591843683,-0.05938065742246845,-0.6979628474680251,-0.3718015500669658,1.1947956517086666
wdIMrXwy,1.782034723600701,0.10366641893416517,2.1386481679048845,-0.9861380308846215,-0.009499097843210791
wiL9npQc,-0.45416251654791173,-0.3629308197441672,-1.0347451954207738,-0.7120744359697433,0.5509704348703011
wnU95Cxn,2.4708177721736875,0.18869350183196065,2.7126914777441105,-0.4654049472653874,-1.1789761118394821
wpJbbjJs,0.060454970234387506,0.011279811448742016,0.7318160548420654,-0.17019636199326627,0.14624766794432986
wsOWTAbI,1.1121580512295268,0.41793569387392626,1.8432530582024444,1.1980320888971896,-0.6295372878434975
wtdBcU3U,-0.36562264751631934,-0.36010718910346196,-0.25996674633755923,-0.7797681667050433,0.4409154079760995
wuKXVxOc,-0.4882856722264832,-0.2896280990207627,-1.7490833243225463,-0.8735789173722601,0.6221438588612571
wyzadAt8,-0.4773241487159239,-0.27533207445775343,-0.8291841644122453,-0.6868003668239631,1.1264058853034342
wzaKzYwi,0.12171045764131216,-0.4902359833322292,1.084551627501023,-0.6704781073656427,0.7167488089407428
x6GCk4EV,-0.29216156744354427,-0.26436446640763034,-0.039183965625616324,-0.4076166720185661,0.30407071974469346
x6lUi3vf,0.2348211155081672,-0.3623474177111232,0.1567395655367907,0.46108039699286607,-1.2508304631296525
x8mwDHv9,-0.2712587948475984,-0.26778448227468044,-0.011468949277050555,-0.30606686868374666,-0.0877311065538251
xIYm6puH,0.5532633852840818,0.01723379707892736,-0.1814852317556781,0.9347347126188019,-1.374261160028162
xO6UdpsK,0.5132962466028048,-0.05599449121472144,0.06480714173381763,0.035971201580860424,-1.4639334918782012
xQ2bkOvj,-0.8600624191598754,-0.25338474378439724,-1.4021956574961134,0.1300638866280046,-0.5022237485577179
xeXyDCEQ,2.893431676346664,-0.40149922081853884,1.9699383372810733,0.8374540180622994,-1.0376384500498759
xrggHziO,-0.1858691924848599,-0.22209857769029195,-0.09866017894318269,-0.4822728618935521,0.11063699370783553
y1WMCmqQ,-0.36695092638132243,-0.3122719263119391,-0.4625251671004573,-0.43458093851110746,0.2210887406137445
yDngezhM,-0.3391574408692022,-0.301827034041696,-0.8665069255443907,-0.8154819332092025,-0.02964458362142608
yLiFjMD0,-0.40237162382385483,-0.15403627572139822,-0.2763181815716873,-0.6469171775368245,1.087984585685696
ySwEBO7w,-0.41168151360892713,-0.3859329733140724,-0.4929583660902974,0.0074477692562417985,-1.4084432402992704
ydC9UsSm,-0.46071606763001816,-0.07589045560597452,-1.6206072502011377,0.8650243392969337,0.13396894738890097
ydEG4VBd,-0.38500016302117634,-0.011076576940456384,-1.1991882778443053,-0.18447482127136894,1.2898749202889306
yf76yWXc,-0.284109701074557,0.45387263330213745,0.8335565244178813,-0.9759358096450974,0.18516711533502672
yg70e63n,-0.2786406739464282,-0.11060031554915195,-0.8088371372177701,-0.2667053252132696,-0.052800011035053274
ywxtlSKv,-0.6170042786420153,-0.2760989269981904,-0.988756449879693,-0.2749508158829208,0.00358750270024899
yzKPQPOR,-1.0323876438655488,-0.11575056605123546,-1.0475707910688836,-0.22502900412088778,-0.3960229868721612
z5cnOnZ1,-0.31308088177905935,-0.4527410155424034,-0.32218241299914574,-0.5329196075160958,-0.3976600033672284
zFLkOE0e,0.1485736086584084,-0.5293403605874003,0.5932827795677529,0.5591105794521631,-1.2876862295857094
zGi72mxL,-0.46384483594960235,-0.45030172234145294,-0.2458666075196927,-0.4157597871387857,-0.7965858482484336
zN925UV3,-0.37891100563996494,-0.48224977830340077,-1.1754739567561412,0.22652795189808828,-1.4235480566790315
zTy2ih7e,-0.4120990782952858,-0.32907839695779995,-1.6648569384515124,-0.8591807861055436,0.5823511456566237
zVFzAutw,-0.32013147942729026,0.057981198899153874,-0.5263961542109339,-0.43398527777005214,0.7909600707501809
zYxNAkht,-0.5485543065928495,-0.0864134610692302,-0.756212159112911,-0.7431670756925719,1.1170428239879087
zaWDBai3,-0.7553289856463734,0.3286113249150846,-0.26861385909432123,-0.27964753282573795,1.844711108816405
zg3u0Zsx,-0.1582408567059601,0.15412696851946084,-0.2932130760684597,-0.05635155629058275,0.18425321982588372
zlwLfdsS,-0.6869076444385782,-0.17797864645125383,-1.2546942155042782,1.2682115366271596,-0.647957176158819
zmbKzVfl,-0.5322878547362406,-0.5688913126204964,-2.0484634997962896,-0.3459585572434385,-0.13323978768158184
